Fecha,BCA,BCS,CEN,NES,NOR,NTE,OCC,ORI,PEN,Nacional
2020-01-01,22.78551658,5.089055384,113.8709228,85.17518055,38.26154567,51.14821238,122.2977368,105.165147,29.28162115,572.7932601
2020-01-02,28.13916099,5.549635302,139.2745028,106.2003542,42.03107136,58.95328045,152.6144501,122.0908268,33.04154343,687.801257
2020-01-03,30.22711855,5.701441795,148.5480838,115.259387,44.31487454,62.69193548,169.4669424,129.8249668,35.66440226,741.7149409
2020-01-04,30.63180053,5.783042365,149.9065406,119.6269077,45.01269473,64.3177758,172.2403294,127.2989849,33.6330516,748.4517167
2020-01-05,30.97259571,5.746282719,151.2320505,120.0043853,44.853775,67.82794813,175.9414255,121.6008088,29.07680738,746.0656939
2020-01-06,32.36008732,5.796564231,154.5853001,122.7375528,46.14489844,66.00034856,179.5342198,124.3585811,28.46664662,759.9741797
2020-01-07,32.38449585,5.841480047,158.8893882,120.2620945,46.51020758,66.01995231,182.766456,124.0492869,28.24028305,765.2923812
2020-01-08,33.06980828,5.886984029,160.1591257,122.1272669,46.63666561,66.96553823,184.9474872,126.4388187,27.96955931,774.4874751
2020-01-09,33.3132667,5.922113861,161.9469158,125.074049,46.62884398,65.73245394,186.1887571,126.4923287,29.94527773,781.5036366
2020-01-10,33.10819928,5.77069401,161.4662284,127.5406523,46.40124052,65.20063487,185.8121041,128.4061159,32.59844611,786.5771656
2020-01-11,32.92513148,5.719464693,161.9737541,125.1578882,45.6168284,66.5156784,184.2033653,129.0808759,34.68286098,785.7582098
2020-01-12,32.49101093,5.618948424,161.9074023,123.0744111,45.54832309,67.75007894,181.0561106,127.0610343,35.27934178,778.8623213
2020-01-13,33.40936517,5.758198755,161.8825045,127.8102932,47.2363189,66.71896775,186.6829457,131.233008,35.19487379,795.977382
2020-01-14,33.58848677,5.86475803,162.5930364,129.201695,47.51997597,68.41303759,187.27149,133.6996762,35.53339937,803.9265535
2020-01-15,34.17439245,5.827237577,163.4912825,131.6105536,48.34129294,62.15321467,189.5241144,137.3023737,34.70808324,807.266671
2020-01-16,34.14078553,5.758872564,162.6232816,132.0772609,48.1959822,66.29122032,189.520084,132.9656248,33.14616996,804.9242077
2020-01-17,33.93152995,5.906687737,162.0062805,132.3260767,48.25302633,65.27373632,190.4658835,132.5703588,33.933856,804.9229203
2020-01-18,33.01771908,5.952822775,160.4712302,131.2517938,48.36456511,64.32689031,188.4280979,131.6081603,33.57569755,796.9106738
2020-01-19,31.5031227,5.910343348,162.416782,127.2587385,47.87820949,66.02293608,186.2883784,131.2839367,33.2658904,790.915017
2020-01-20,33.97858863,5.917392076,163.6011018,128.5966914,48.93771554,66.73495671,187.6318433,128.2293534,31.64529957,795.3062607
2020-01-21,34.21941856,6.021396045,161.8765059,130.8562033,48.19335595,65.87417097,185.5511086,123.9290619,27.75412716,784.739865
2020-01-22,33.77925231,6.043642835,162.457864,130.4179659,48.54758718,65.84498459,186.8424956,124.2724284,26.20241425,784.7699755
2020-01-23,33.55566863,5.974650359,164.5565364,127.3006442,48.24152234,65.41209515,187.6566012,125.791767,26.7194082,785.5024778
2020-01-24,32.87620293,5.880368415,163.6062814,125.8646219,47.61676099,66.0010033,186.7428309,129.2667265,28.17937005,786.3306741
2020-01-25,32.1280389,5.920489952,160.0610441,127.4610824,47.69690996,63.55583657,184.2213931,128.4611825,28.94473002,778.3921775
2020-01-26,31.4665454,5.898557823,161.1602243,123.7448007,47.08889327,62.01810373,181.0171887,130.4322584,29.59479841,771.6588827
2020-01-27,32.63066073,5.918307227,165.4117744,128.2846632,47.74636381,62.28421763,184.9898819,133.1941966,31.81073148,792.3171293
2020-01-28,33.25711371,5.894083928,160.198179,128.4487325,48.31812766,61.89413321,185.3653167,133.8654609,33.29189028,790.7103121
2020-01-29,33.1371781,5.748663711,160.3434315,126.1440672,48.17001464,63.49367539,186.4614829,132.3278313,33.38197963,789.364358
2020-01-30,32.94580594,5.757186956,161.9630396,127.0362828,47.75448032,63.02575725,187.0625237,130.6191783,31.98179095,788.3163896
2020-01-31,32.79418064,5.725902679,159.9870028,126.0778256,47.23924545,63.08331997,187.1828959,133.2957614,34.43570175,789.9950116
2020-02-01,31.87403485,5.803282209,157.2232747,123.7837754,46.8871463,62.05572241,184.2645275,129.1356224,32.29382746,773.3113337
2020-02-02,30.35300308,5.758674995,152.1696774,120.2004264,45.85404867,61.53689626,179.2649192,121.1661767,27.13152979,742.2107665
2020-02-03,27.13683049,5.660699354,141.0335293,106.4325626,43.57021487,54.20112083,157.966593,115.4666346,26.09477723,677.5712283
2020-02-04,31.72048369,5.723855317,154.8431081,123.6170987,46.83167548,59.05696713,171.4512461,126.8805263,31.590483,751.8341135
2020-02-05,33.83625063,5.523293384,159.6511293,125.7247006,47.7253011,63.03550771,181.2012821,133.7524256,35.2457174,785.776836
2020-02-06,33.6605337,5.476228076,157.4756391,126.7358139,46.98833746,63.78865611,177.6792739,133.3531858,36.1357097,781.3481299
2020-02-07,33.31313881,5.540416763,155.9411838,127.9755122,46.72210801,63.83679501,179.5518981,129.6781929,32.83465431,775.5967765
2020-02-08,32.6317586,5.692452661,156.4936702,129.2651654,46.95560563,62.85943477,181.6493633,129.5125918,33.85464103,778.8090528
2020-02-09,32.32400979,5.677200722,156.5781307,131.0846703,46.16502885,61.6859876,178.4118351,132.2176722,35.24271984,778.7407947
2020-02-10,33.98586256,5.832228751,160.753499,138.9967095,47.73178459,62.0326168,184.7349107,135.0069557,36.32219823,805.5528462
2020-02-11,33.26979358,5.808426432,161.3735568,134.4595518,47.7063838,63.89509213,185.6706552,140.0974408,37.10081058,809.5185647
2020-02-12,33.51627804,5.724024355,161.8783143,131.3941063,47.56007548,64.91926887,188.1858643,141.5013231,37.96092552,812.7117257
2020-02-13,33.32488445,5.723867276,159.9837265,128.3537353,47.37711712,64.99027165,188.2466162,138.7498354,38.18040482,804.9877172
2020-02-14,33.00419508,5.806284179,160.3678093,130.6230037,47.0316642,65.62994325,189.1437619,132.9725094,38.04134322,802.8178533
2020-02-15,32.29767554,5.854134257,157.4607439,129.4806056,46.89907327,65.14069417,189.2955109,133.1014575,37.587246,797.0530805
2020-02-16,31.56766859,5.897453692,155.3089582,125.7175163,47.34129583,64.73394195,188.2316794,134.0734931,36.28474408,788.4487765
2020-02-17,32.68412495,5.920466638,160.0313669,135.3858217,49.03161378,65.42967714,194.6887437,138.6604785,36.27546819,818.1530142
2020-02-18,32.86257936,6.154786917,162.167846,137.7137414,50.81347865,64.70992467,194.9447065,139.2935339,37.39514142,826.2862327
2020-02-19,33.40028483,6.311920705,159.5969918,132.9780995,51.07482092,66.11199275,197.7973538,141.083177,38.67821616,827.1331732
2020-02-20,33.3164563,6.347407915,161.0178057,131.2375298,51.21284671,66.54575966,198.5856799,141.2208628,38.58128557,828.1255303
2020-02-21,33.16818715,6.419566062,161.4073986,132.8837369,51.86415012,67.27902572,198.1091675,135.9570641,37.16957106,824.45949
2020-02-22,32.20717564,6.502492749,160.841379,132.2788768,52.06916507,66.77690845,197.6982361,126.9131288,31.97181817,807.1808878
2020-02-23,31.77162492,6.304374872,157.833272,126.1881244,49.89423588,66.05950731,195.1739238,125.7706575,29.95477561,787.4701449
2020-02-24,33.56421257,6.105393499,163.8257774,134.2502279,49.84999869,67.12480127,197.0969858,132.4005847,33.74954653,817.9900051
2020-02-25,33.18380658,6.066251807,163.2434871,131.8078547,50.27946901,67.2065417,197.1296589,135.3779777,35.96119748,820.5427113
2020-02-26,31.49630386,6.083912302,160.7623328,124.898475,50.98300354,68.98689534,195.6258294,132.355225,36.64404307,808.0202188
2020-02-27,32.24020914,6.063175291,159.2358393,129.2612306,50.64764762,69.52046683,193.2507568,124.7648763,29.16761177,794.4748334
2020-02-28,32.632181,6.123355638,159.6749575,130.0096511,51.27677414,69.63164084,194.3831619,125.7559646,27.43424372,797.3237938
2020-02-29,31.62705166,6.162302681,159.6507453,129.427436,50.89132911,68.29943509,194.3124286,127.2059601,27.22147519,794.7662086
2020-03-01,30.76405357,6.187866764,158.5798525,128.5766077,49.16560838,66.42272677,191.9093709,125.7251347,27.74289847,783.5163621
2020-03-02,31.92961884,6.200460128,163.7384687,137.9291478,50.3054005,67.55892039,195.9709528,134.7594491,32.31321264,820.7208233
2020-03-03,32.44994535,5.867631366,164.0916817,137.9157822,48.57075521,66.57169627,196.4730303,141.7453132,37.43132316,831.386544
2020-03-04,32.85731569,5.815495124,165.2642305,138.7570864,48.38480162,67.26628835,197.9516258,147.0261312,39.71616804,843.165648
2020-03-05,33.23032941,5.957113585,162.7203919,128.2202492,49.35348996,67.79788382,198.6700035,139.866614,39.61581565,825.5324544
2020-03-06,33.14405334,5.997968022,162.4982619,128.8772222,49.78937296,68.08089003,197.2759456,132.3168967,35.02277963,813.2699141
2020-03-07,32.29949062,6.021372899,160.400855,128.3354426,51.00231045,66.94787822,196.8530167,129.8057243,31.57384184,803.2351656
2020-03-08,30.12385039,5.911488377,159.7919379,127.1377452,48.94044679,66.79665461,193.5861665,127.9730646,30.56177468,789.4255125
2020-03-09,32.96121993,6.164178506,162.0472185,131.5295118,50.55129595,67.12948446,196.4710712,131.888276,31.75094695,810.4790116
2020-03-10,32.47073158,6.297712864,166.607428,133.3560323,52.2694193,67.76058141,197.9678382,135.2104547,33.48383011,825.7249402
2020-03-11,32.58731525,6.579516296,166.6548437,138.8100332,54.66640926,68.80532701,201.0259257,138.3007957,34.26894269,841.8886021
2020-03-12,32.39566711,6.84729841,167.238443,142.5079419,53.33292088,67.8249807,203.0190904,139.4124505,34.78809583,847.531182
2020-03-13,32.40659174,6.661755427,169.0947352,147.4604463,52.47541229,67.94974785,203.841766,145.6499367,36.01856826,861.7926649
2020-03-14,31.66017189,6.4730828,166.0804191,150.4150083,52.04988855,68.27535435,200.9007812,147.8728006,37.31525944,861.0062978
2020-03-15,30.76708105,6.14715302,162.505251,143.6619652,50.28780785,67.97574038,196.7073422,145.7589178,36.89286282,839.911366
2020-03-16,27.61392317,6.016253303,145.8596129,122.1293125,49.87593419,63.22665304,172.1999768,138.3230755,35.59119063,760.881641
2020-03-17,30.90706672,6.153663528,159.5947645,140.6234075,51.28519455,68.66772255,187.2930217,141.0148569,36.59633621,822.3167942
2020-03-18,32.27264202,5.932905789,163.0987037,148.3626735,50.54670857,71.64481353,199.1924475,147.6582143,37.41749786,856.3255065
2020-03-19,32.25672075,5.885565843,166.730196,153.5810728,50.1125922,70.8544971,199.3543302,149.1792999,37.82517045,865.9162779
2020-03-20,32.01928679,5.813842774,166.655431,147.2030528,49.75119362,71.89507036,200.0233384,149.9314863,38.15120605,861.6279278
2020-03-21,31.01338865,5.512749025,163.8042486,134.26625,50.32776058,72.08183583,199.34275,149.7274525,37.13529663,843.3823853
2020-03-22,30.67646043,5.323822422,161.5550204,130.5396302,49.76545581,71.17345598,196.6243555,147.8837987,35.50694317,828.5256475
2020-03-23,31.94834953,5.473322599,162.5639212,137.9425906,51.89189778,72.84455093,197.4525072,149.2460865,34.75540779,844.0845644
2020-03-24,31.39049715,5.50288718,164.8195219,144.5289216,53.53449628,73.95633815,196.414893,147.0076508,34.73732643,852.1416043
2020-03-25,31.54603719,5.480596947,163.0815786,154.734021,53.78557969,76.02393461,197.4321007,149.8899955,34.79169404,866.9602766
2020-03-26,31.01902337,5.435526002,164.1112844,154.8749706,53.52486839,77.2927863,196.5679273,149.2833198,34.51785007,866.7799815
2020-03-27,30.80505039,5.257596057,162.401848,156.2184199,52.73238184,75.64545148,195.1978432,150.6104182,34.7682585,863.8664512
2020-03-28,30.16839503,5.085948233,163.2052957,155.6679243,51.19052842,75.49604416,194.7767009,151.0507666,35.19120222,861.7404281
2020-03-29,29.93004663,4.977267821,163.2287598,141.4862409,50.13814231,74.01765225,195.4850576,150.5379697,34.78745504,843.8503931
2020-03-30,31.11924609,5.065309267,160.7974588,135.2664414,50.67820338,75.49555219,192.5386703,146.041945,35.6114932,832.5813128
2020-03-31,30.98492209,5.019073737,158.3508778,138.5741551,50.68934179,75.35964478,189.2010565,144.0245326,35.22297609,827.6460983
2020-04-01,31.05509381,5.042972877,155.8987725,136.037737,50.87902346,75.2916638,185.5980437,142.6250777,33.8277645,816.3699673
2020-04-02,30.94156851,5.180836662,154.0832223,136.1266887,50.17418395,74.44619422,181.6767759,143.1892643,33.74892455,809.6241117
2020-04-03,30.27328386,5.21557993,153.4169357,137.7247568,50.0342882,74.18245053,180.694762,145.5305972,34.38877122,811.5404964
2020-04-04,29.97897394,5.186122913,152.4709312,127.9797237,50.52131401,74.38267504,182.9849802,144.7833006,34.56027993,803.0627555
2020-04-05,29.50798638,4.980499349,146.5514736,112.8969096,48.51262246,68.52184658,176.2940584,137.3681101,31.88977189,756.5200743
2020-04-06,29.41792509,5.112262711,146.8276996,114.8267502,49.23860797,72.56667848,171.9539622,140.996728,33.8776456,764.7577248
2020-04-07,28.93232927,5.053104994,144.7663648,122.1170921,50.50605376,72.46491797,169.7545743,140.8449734,34.39562773,768.6806228
2020-04-08,28.47142585,5.018980201,146.0296889,131.4927593,50.48075298,73.04742589,170.4696303,143.4570616,34.35595868,782.72152
2020-04-09,27.15824563,4.74211667,137.5742586,131.1482437,48.29857325,70.87178587,159.9371325,142.2145992,34.07961617,755.8703593
2020-04-10,25.66173418,4.447069246,127.7311094,123.397027,45.95890689,59.33115873,142.8172426,134.5578416,32.98862916,696.7010607
2020-04-11,25.92918931,4.408961482,137.0172547,121.9860231,45.59224252,67.67402917,156.0734813,137.4953231,34.23549382,730.6060788
2020-04-12,26.95311161,4.426856151,142.3518491,136.5132218,45.12846342,69.6397419,170.3526589,141.9422564,35.87335394,772.879082
2020-04-13,27.01271293,4.630468653,147.164808,129.0296856,46.97941806,66.97951261,168.7902069,143.6274434,36.38316647,770.6546938
2020-04-14,26.2816664,4.839974613,145.6562517,114.0224005,48.82434148,66.46705329,167.1357653,142.0565275,35.95774707,750.9160072
2020-04-15,26.48605751,4.90718234,147.452362,104.702774,50.12281457,69.95444531,169.315673,141.0895017,34.98670025,748.7248755
2020-04-16,26.04228593,4.94078503,147.3808367,104.2697193,50.09824475,71.52915372,168.5145931,135.3090626,34.33624007,742.2552979
2020-04-17,25.50652184,4.99037173,147.4266469,112.6829149,50.71004962,71.60141122,167.6994501,138.6639493,34.88307466,754.0301098
2020-04-18,25.3460053,4.931395057,151.2582047,124.8845407,51.56555368,73.27438444,175.1377664,141.4560069,35.91759595,784.0490443
2020-04-19,26.2773154,4.899192385,153.0474951,140.4015432,51.38349819,72.67440554,181.2217848,144.2442117,35.91976953,809.6962753
2020-04-20,25.71566372,4.920729598,149.8703877,141.7126189,52.16388068,73.08613825,173.7168836,144.5543513,35.79274786,801.607473
2020-04-21,25.49684667,5.067540022,148.3087534,141.6174838,53.58802095,73.6797297,170.5628646,144.1295777,35.46928665,797.911746
2020-04-22,27.1408962,5.189303451,148.4615417,147.3537001,54.41589547,74.26062599,169.6008803,144.9274139,35.27464783,806.5256128
2020-04-23,29.39377036,5.283054209,147.2006686,146.3017847,55.56264538,74.14379055,168.1780193,144.3352477,36.25325795,806.5178008
2020-04-24,31.56574439,5.505333756,146.8560602,146.4138798,57.74023529,75.06063603,168.5072477,143.9807421,36.90884841,812.5088483
2020-04-25,34.70760162,5.687863613,147.1314238,146.7733579,59.14958976,76.42140962,171.5176991,143.7013851,36.91218801,821.9971275
2020-04-26,38.02203709,5.928402004,148.4005354,136.101434,62.08378727,77.19090931,178.7026624,137.1269025,35.34014627,818.8213241
2020-04-27,36.25128771,6.185186171,144.8816629,132.1986538,63.60333224,77.01645592,169.8184836,129.7060067,34.18385404,794.009439
2020-04-28,35.30778463,6.297769769,144.2763577,135.6273791,64.87499971,77.73798996,166.7101029,131.8804586,33.0011786,795.5815141
2020-04-29,36.46347756,6.13307185,143.5175797,133.9130302,65.98813473,77.16867464,165.5498862,136.8508141,32.87040407,798.150245
2020-04-30,35.17338835,6.137841381,141.2878829,121.8870977,66.98526605,79.1435497,161.4261247,131.0745571,32.18484242,775.093633
2020-05-01,32.8103914,5.864417981,122.5953034,113.6128391,65.98048655,74.62600572,150.2016944,125.1949808,29.47002757,720.1784338
2020-05-02,34.1918429,5.829215757,130.3629455,135.0977746,66.77012764,78.94219322,160.3202648,126.9597718,31.63089637,770.1943838
2020-05-03,35.81922028,6.074600513,142.3215295,152.3278463,68.69105751,81.37884001,174.4201105,134.4167627,33.70957564,828.8592969
2020-05-04,36.60190718,6.073435775,142.2088678,151.6881991,69.21346343,80.74316888,173.2402562,136.4225016,33.83462543,830.2569944
2020-05-05,39.04723428,5.894961488,143.4564469,151.7635826,70.84132276,79.8829486,166.1608447,135.7858224,34.56905385,827.2936031
2020-05-06,41.24349621,6.079186802,141.2265365,139.9519175,74.01127205,79.33372243,161.3645187,132.5016957,34.34284977,809.6794205
2020-05-07,41.68543822,5.931237304,138.8152562,138.710207,73.88986632,80.13909897,158.5152629,124.9545407,31.44516238,793.9842201
2020-05-08,41.78065603,5.649479431,139.3000148,138.7964585,73.30036917,77.43840764,161.4222333,127.8461881,31.71731602,797.2520406
2020-05-09,41.4324608,5.588369628,141.3792516,125.4125642,71.43008884,77.59057389,165.0524754,133.1846616,33.09126546,794.4002095
2020-05-10,41.00077678,5.537803501,140.4217102,123.8629659,69.98685235,77.62909199,167.1516605,127.3983468,29.03951064,782.3378467
2020-05-11,39.76129604,5.606555806,137.3842462,127.1709589,68.68429478,77.0419423,164.3486603,129.0450472,28.2489918,777.4246649
2020-05-12,36.42589932,5.603618599,139.0290879,131.0979301,68.72196168,77.41470247,161.30596,129.9917904,29.0416665,778.3959604
2020-05-13,35.30374274,5.746704226,139.8134872,138.4004588,68.20724848,79.43737812,164.0521782,136.9868879,30.59042238,798.2448772
2020-05-14,35.94539354,5.79651024,140.4213999,142.1170404,66.93836159,79.97744716,166.2924568,139.3025896,32.44159328,809.0800269
2020-05-15,37.24533707,5.630592679,141.6694476,147.1375909,66.49557409,80.92107187,170.2462949,142.9621371,33.77460469,826.0666416
2020-05-16,39.43214096,5.572506453,145.8598652,145.5336276,67.75329871,82.98915132,173.3251049,145.4756646,35.16717203,841.201867
2020-05-17,40.36342497,5.489878047,147.5336172,147.9932864,69.47654378,84.05176207,179.5688739,145.0773956,36.17949812,855.9147958
2020-05-18,38.73823975,5.489158111,145.2514258,151.1424961,69.25870661,86.38466012,176.2812109,138.0835027,33.80344131,844.6265942
2020-05-19,34.08886061,5.466474443,144.29956,155.035202,69.95883974,86.81148108,172.940575,137.6514589,31.85439095,838.1915882
2020-05-20,34.18100867,5.579914831,145.0897753,160.3452998,70.1453102,87.08932105,176.2118447,141.2485134,33.41674167,853.2301131
2020-05-21,36.44459958,5.630476091,146.4750218,154.3432613,69.44847857,82.24973544,177.5821482,140.6535944,33.69746424,846.4835613
2020-05-22,37.73575454,5.655288413,144.5407544,149.8273843,69.54349055,85.15450167,179.6430132,133.4047588,33.07186144,838.7629964
2020-05-23,37.35768284,5.651572788,145.194255,158.5862615,70.30148789,87.95097475,182.4792439,136.2152279,31.30708271,854.9047251
2020-05-24,39.09778598,5.528795913,147.004231,159.7470742,70.38025561,87.03841507,187.5659913,138.2859179,30.86455878,864.5376301
2020-05-25,40.8652453,5.566905853,145.8895937,152.7901059,69.94081815,87.51833405,184.2443238,140.532535,32.76697141,860.2693174
2020-05-26,42.41711969,5.6741774,132.3347172,144.9608427,71.52924888,86.9464145,181.0982533,140.8799555,32.82548424,838.6111334
2020-05-27,43.66326403,5.685814691,147.7644325,150.376326,72.64807025,88.91155535,184.2736804,140.6198533,33.71244324,867.583556
2020-05-28,44.75641161,5.721936155,145.2893831,153.949383,73.68885183,89.97698082,184.6522057,137.164967,35.20446838,870.5137304
2020-05-29,44.37460964,5.765117803,140.4784315,139.0776801,75.54339977,90.48888746,184.9395743,127.7342301,34.10835741,842.6973858
2020-05-30,42.52959156,5.786909261,141.0026296,136.3888332,77.20237251,89.69781357,183.4989054,123.1686193,31.01616209,830.2954189
2020-05-31,42.19506807,5.771993146,142.559859,136.6092638,77.66955066,87.96642693,185.0264932,123.424542,30.24459098,830.8170369
2020-06-01,43.72693552,6.017437236,141.556821,142.2053082,77.58106829,86.8855706,190.4924049,123.1458249,28.44918871,840.1658781
2020-06-02,44.59557939,6.077165451,143.8487383,143.5125889,79.71643606,87.89340627,191.1985762,124.8271894,27.49610561,849.3580644
2020-06-03,46.98905783,6.395023724,145.4313665,151.5393447,83.54331832,93.0137382,195.2839226,123.9379293,26.88662395,873.1592865
2020-06-04,47.03781685,6.418586543,144.5663107,158.9045046,86.93368621,96.3070083,196.5344476,126.1283079,26.31717698,889.447325
2020-06-05,44.04956698,6.273825462,143.4731523,160.700944,86.63748324,98.64356882,197.5901865,130.4747373,25.2688714,893.5211821
2020-06-06,39.63199952,6.128823245,146.4711908,163.190157,80.20019198,100.3217016,196.0966122,131.5451597,26.85375253,890.2899067
2020-06-07,39.58876949,6.062988286,149.0344355,170.7909357,78.33181621,98.02683414,192.2182958,133.4030613,30.42607301,896.39772
2020-06-08,38.37356604,6.035087919,150.7930626,178.8961382,78.46972418,98.94203592,196.4266714,138.2626217,33.84845979,920.2589025
2020-06-09,40.30005095,6.010822044,148.8063294,178.8252696,78.39856335,95.73688062,192.6834914,141.8734394,35.69170921,918.6981393
2020-06-10,43.52910353,6.238142843,152.2058835,167.8195943,80.32757036,95.62825009,191.8891703,139.994272,35.57021558,913.2119404
2020-06-11,45.72692476,6.688795392,149.4065177,159.1948676,83.90833129,95.99600249,192.8326926,132.1719215,34.64829856,900.7238422
2020-06-12,45.19855584,7.237613611,146.6203905,154.9090475,87.70676076,95.4867243,191.2367065,133.9610056,33.05604389,895.5822282
2020-06-13,43.52095753,7.451788553,146.7414868,154.1830449,89.53906659,94.58487959,187.8359095,131.2291726,32.40736206,887.5567069
2020-06-14,43.21525767,7.396254553,142.0592875,157.8989669,89.76605591,93.52115644,190.0134021,132.2231751,32.05941876,887.8516131
2020-06-15,44.6778178,7.630291399,145.1310521,163.3911687,87.74858252,94.95694734,195.3084855,133.2690901,32.24998118,904.5916286
2020-06-16,44.60675128,7.765384728,147.6273567,165.4954182,88.18454083,95.80109807,195.9408708,132.5299781,31.75804136,909.9015679
2020-06-17,44.00719928,7.710677904,149.7635831,169.0287909,87.08208761,97.66865865,199.374301,135.7355678,31.75468863,922.1494582
2020-06-18,44.29480579,7.867270718,150.8697057,171.024744,87.95312377,98.02808865,198.8107412,136.386111,31.0309664,926.4145404
2020-06-19,45.33357353,7.742869785,150.1043178,168.3767591,88.21284571,98.51529327,195.7045671,139.174061,31.79340105,925.2052008
2020-06-20,47.03902611,7.752083429,151.0400834,171.5435316,89.33211829,99.75389529,195.7124771,140.9011517,33.33701843,936.3078838
2020-06-21,47.67430369,7.70801678,147.0011326,176.2143556,89.84338575,97.27495334,191.1419196,141.3257654,34.21760084,932.0152233
2020-06-22,47.99966535,7.717273678,148.6214591,179.378536,90.09028441,100.9043104,190.8960177,142.2995113,35.19798039,943.4655115
2020-06-23,47.87316216,7.553709718,148.5586636,176.5079639,91.48941241,102.0063397,188.6025078,136.7603041,36.00125345,935.4608967
2020-06-24,48.37220205,7.730561345,148.5480492,169.6823114,92.10897794,96.65908573,186.7219802,129.9806322,36.3662505,916.0311752
2020-06-25,47.48239066,7.649158707,148.2397223,159.9345613,92.22607271,95.75801931,186.0589584,129.5238132,36.75905623,903.6123179
2020-06-26,49.31643928,7.547444254,148.6277893,157.0219032,92.45506533,98.71182465,181.7334114,134.0628878,37.44421583,906.971058
2020-06-27,50.07684556,8.093645877,148.7042819,159.6881027,91.09398809,97.48035557,179.2816997,133.843989,37.67413567,905.8391545
2020-06-28,49.38070736,8.320807583,147.7856568,166.763797,92.58056953,94.27617971,181.6788501,132.6718654,37.39562225,911.0013656
2020-06-29,43.44153758,8.512947209,148.1194764,171.5372515,92.31210556,98.08956387,184.6225797,137.7565776,37.93395755,922.7107178
2020-06-30,43.71335398,8.030745622,144.9317636,170.2426808,91.5032098,97.91731252,184.2049592,138.5042637,38.76712412,917.7013082
2020-07-01,45.53932887,8.215727614,145.1832026,171.5921982,90.01295836,94.83895489,184.5177748,140.3415385,38.09268175,918.0318151
2020-07-02,46.3965363,8.530196442,144.6696731,172.9484522,91.41811137,93.56333749,182.6140541,140.3466111,36.56012451,916.8930955
2020-07-03,48.99177197,8.857750862,143.6880631,171.4341593,92.83595931,94.48874963,181.1572209,138.7168641,34.79833017,915.0349672
2020-07-04,51.77082576,9.157346726,139.4033565,173.3167989,95.00959166,94.16121976,184.1567476,136.8239961,34.71832567,918.4125428
2020-07-05,54.0309655,9.162040578,140.9822348,179.4862611,98.55160041,93.46705097,183.3981688,140.7736929,35.72858153,935.9984954
2020-07-06,52.79594088,8.99586348,147.0035187,185.2118959,98.38468625,95.88110965,190.4580207,142.8591815,36.46486491,958.5594255
2020-07-07,52.524238,8.862125909,152.1673166,184.9199429,97.09778982,96.56291413,188.5352838,138.8560502,38.13548877,957.6329835
2020-07-08,51.50777681,8.823560755,152.0244175,187.4587331,96.50135062,98.05537713,186.0133508,141.4181876,38.94100773,960.4504696
2020-07-09,50.18663204,8.90865774,152.1092129,189.0698444,94.94573878,98.87080812,183.0376598,144.9316425,38.75133702,960.6770906
2020-07-10,52.47157429,9.325052748,150.5751801,189.6168761,92.02359524,100.6812516,180.2040324,146.1958414,38.0847745,959.2820695
2020-07-11,54.88336607,9.206996918,149.2415758,188.6763821,95.52617322,100.5643124,181.5185547,142.9230756,37.65932119,959.8559702
2020-07-12,58.01193386,9.555714455,148.2307347,192.731186,100.6592051,101.5891407,180.5239282,140.6846012,37.77922271,969.9540931
2020-07-13,57.2065977,9.315471982,149.9768425,193.0833471,100.0773158,102.6571185,184.6859821,143.7110349,37.26982281,978.5836569
2020-07-14,54.46353498,9.526385707,152.7067598,188.6482392,99.54312318,102.6996092,187.7795176,144.751552,37.67429613,977.6774343
2020-07-15,52.04323345,9.450662069,153.9670756,189.1767156,98.70414923,102.1732729,189.9223079,143.9679727,38.93440151,978.0336472
2020-07-16,51.97528821,9.448511682,153.6345829,189.3219612,95.2936547,100.0877815,189.2719251,145.4236742,38.85360634,973.2258396
2020-07-17,52.76614313,9.173919788,151.7100343,186.5592436,96.16199275,101.9162882,187.7148117,145.677075,38.58383227,970.369606
2020-07-18,54.11252421,9.180837104,151.1396904,177.4170731,93.73360898,101.6244887,186.4291795,146.5496372,37.82913687,957.8636849
2020-07-19,55.1057279,9.274487329,149.7777627,170.5163345,94.7324633,101.129668,184.7172461,145.1832811,37.53416427,948.5429071
2020-07-20,53.05417181,9.232354582,152.2772611,176.6120961,95.3154707,99.61571326,186.9519974,145.0440049,36.54929689,955.1061283
2020-07-21,52.69266455,9.027426612,154.9090519,174.919449,89.93573227,96.83140159,189.718497,142.6704723,36.50363128,947.1496912
2020-07-22,52.85580565,9.033621968,154.3187848,178.5496189,90.31390946,95.39032643,191.3484596,141.4898246,36.523447,949.6344155
2020-07-23,51.26881577,8.79028211,152.7507568,180.3441071,88.25636882,91.91637628,189.6046861,142.2049753,36.47391334,941.5916482
2020-07-24,50.69022781,8.549297492,152.5503306,182.846218,88.06544644,86.3311347,190.2149614,143.28908,37.85740604,940.5351947
2020-07-25,51.57803056,8.592729528,150.6195217,179.6145385,91.56575642,82.61794293,189.6891285,146.2433502,37.29431688,937.7035894
2020-07-26,54.01371016,8.822133692,151.2983662,152.8662608,95.90655062,85.59135145,185.7431722,147.2883791,36.42850054,919.3996273
2020-07-27,53.78268027,8.964088128,152.4537812,130.7934346,93.17517283,85.62153553,183.1338741,146.4844482,37.09523381,891.790753
2020-07-28,53.58386012,8.742892501,152.7436133,141.3587296,89.43519349,88.01017719,182.2949094,138.2551422,38.43091546,892.2843187
2020-07-29,55.13275957,8.626991471,152.7876042,144.22546,89.96826623,91.87791356,181.306691,138.9256393,38.75762663,901.0959362
2020-07-30,56.56409364,8.716507657,151.622132,154.8517724,91.94591597,94.02826481,179.8291494,139.931825,38.5340866,915.824789
2020-07-31,58.27701111,8.822356796,151.3916602,165.6593132,91.34845677,94.75946411,179.1215536,140.2038075,39.67618324,929.2507243
2020-08-01,58.95270399,9.130645672,149.5435718,163.8734481,92.55485734,95.33946986,176.9704622,142.6616642,39.34286251,928.2518132
2020-08-02,58.24819378,9.418356019,148.5594364,164.8204687,93.0009322,94.52372641,175.8903886,144.8259005,39.91643046,930.3617654
2020-08-03,56.26196728,9.719038871,150.0652828,170.1766291,98.40028314,96.70272065,181.0466382,145.3136236,39.54711787,947.7655452
2020-08-04,55.82670537,9.901181596,150.7922225,173.980755,97.37291946,96.67285952,181.2988218,144.6317516,38.92294206,949.001674
2020-08-05,53.19084095,9.60240142,150.5109144,179.7670768,100.7913923,98.13895707,185.4236426,142.8232375,38.32314844,958.1033586
2020-08-06,51.12916658,9.223826548,152.8357695,180.9951022,101.822647,98.76144508,187.4691398,143.1065795,34.99082018,960.1506135
2020-08-07,49.59786624,9.016001677,154.7481716,179.4673083,98.53751737,99.74340338,189.0312792,140.3701211,35.18516076,955.829658
2020-08-08,51.847682,9.1194154,154.5309673,177.4877245,101.9325069,100.7194834,190.0373404,137.5638164,36.82039095,959.9302595
2020-08-09,53.17954159,9.480709642,151.3887274,175.7388211,105.5468548,102.0235766,186.2419091,135.0549062,38.18373119,957.2963364
2020-08-10,52.65835227,9.451551883,154.0291137,175.8595545,100.0321106,103.3730131,189.2023084,137.4196573,37.60615569,960.0974212
2020-08-11,55.5462568,9.967578924,155.8851797,177.6685225,98.07880664,102.7911886,190.198449,136.5003877,37.61621305,964.1760874
2020-08-12,56.78579402,10.24775616,156.2041654,182.1819654,100.7681288,103.7130326,191.4594578,137.0898039,37.3966418,975.5791621
2020-08-13,57.82054745,10.3207311,153.8846852,183.0157651,101.4726782,103.8978399,189.4474582,141.4680253,37.18791108,978.4315639
2020-08-14,59.47300542,9.993101161,155.7143453,181.6563926,100.4093937,104.0247878,190.3108883,144.3614781,36.81039952,982.858938
2020-08-15,62.5836712,9.878781955,154.0278829,183.8871999,100.3565889,104.8408169,190.5687536,142.7505519,37.55189107,986.1155368
2020-08-16,63.05918073,10.168721,153.0209157,187.5364333,103.441201,106.2560394,188.0478041,141.1401886,37.2826851,990.0910791
2020-08-17,61.69236934,10.10327131,155.8296424,183.7950089,97.12235078,103.7933306,190.956374,141.5354827,37.18917313,982.5679621
2020-08-18,61.01855574,9.790210049,154.0401034,178.3299313,93.582802,100.6253473,188.7191566,138.5806575,37.47480306,962.1197035
2020-08-19,60.57740637,8.153102563,156.1706227,179.0248689,93.74391545,100.1732747,188.6521953,138.9524331,36.74836828,962.0351601
2020-08-20,59.24806925,5.809292737,156.0273844,181.434693,94.13265216,100.2597667,188.9408159,138.8996421,35.83744395,960.7424877
2020-08-21,57.28320056,7.806724499,157.1642145,184.3629847,93.99905847,101.8397381,191.8545963,138.8545985,35.4380889,968.8956673
2020-08-22,58.9213781,8.704625571,156.9603123,186.0316406,96.29777742,104.3884914,191.5891281,144.0855442,35.40622556,982.0175734
2020-08-23,60.69769729,9.186807469,156.3182898,186.7126752,102.795411,104.5441698,189.7536272,139.8737034,36.0320939,985.8530358
2020-08-24,60.86769056,9.424488173,159.4798068,178.6575871,105.143996,103.5895525,191.6996022,136.656031,36.43315096,982.495303
2020-08-25,60.18169802,9.433525173,156.7562365,175.7291442,103.275994,101.5166014,193.8145451,133.3902989,36.66433297,970.6597498
2020-08-26,58.93821736,9.436129867,155.8813663,180.6289662,103.7809816,101.8405993,194.8294617,134.7269457,37.08816638,976.8976527
2020-08-27,57.61736838,9.354109132,156.3309099,189.2128583,104.3850707,102.0162292,192.966938,135.9479317,36.40007414,984.2455697
2020-08-28,57.42728775,8.323806502,156.300433,191.0949234,99.62729577,104.0224984,188.9722108,139.4250461,37.11827336,982.5549055
2020-08-29,57.77451774,8.086448329,155.7266709,193.1690456,93.45084076,105.8694354,185.480183,139.633759,38.70388365,977.2884156
2020-08-30,56.85991815,8.761942994,153.6533884,196.298459,92.94183999,106.0564253,183.4045196,142.7286501,40.29047788,980.6446201
2020-08-31,55.12330439,9.018265822,155.4390813,197.9769124,90.7490496,103.8040255,185.7890688,145.7065632,40.2099806,984.4183166
2020-09-01,54.35710279,9.010383874,130.2434715,195.7338381,85.818975,98.7118942,182.1194803,170.135266,40.2497947,966.1170334
2020-09-02,54.79330186,9.213846552,131.9020063,192.2224208,87.27246515,98.23954758,186.8822352,170.3565689,39.43300589,969.8175417
2020-09-03,55.20813621,9.43373368,130.6997668,185.8001001,92.40658411,96.90862981,189.3527911,169.8535136,37.72385807,967.0341552
2020-09-04,57.08906237,9.69960288,131.4291978,177.7003129,100.3893868,98.80329483,191.4118882,168.1976128,37.0788477,971.5365488
2020-09-05,60.71141538,9.966481651,130.0526736,160.5226891,103.9680031,97.97781221,188.7408245,166.2182684,37.10472804,955.8389579
2020-09-06,63.62524502,9.940881635,128.5691073,151.4496697,97.34779404,96.45898743,184.6540368,163.7283198,37.54707632,935.5387186
2020-09-07,60.87905378,9.483993713,130.3064903,158.3671237,90.73810519,96.33137095,189.116696,165.120416,37.14506649,937.8105689
2020-09-08,53.21570378,9.401561221,131.4388161,161.617849,89.43128633,93.57263283,186.442263,166.5506769,36.97288928,927.9580339
2020-09-09,45.2962342,9.437176023,133.7753208,161.6889961,89.13707317,86.409035,185.2660477,165.8475141,38.25481607,914.2990042
2020-09-10,43.77301619,9.656660278,132.2946259,145.2067672,88.97338542,84.60509354,182.6772199,168.1383802,38.32324968,892.9153912
2020-09-11,42.05662301,9.683460197,155.2421394,134.6587685,85.89699428,83.84927199,182.2992328,140.382506,36.70658353,870.5592801
2020-09-12,43.82359134,9.606062728,157.0482737,146.1686316,85.15178504,83.63701272,182.814602,141.8217096,36.62339487,886.9778171
2020-09-13,44.99880875,9.49375886,157.020741,158.9174432,87.8794444,80.34645901,180.7685278,143.2133256,37.67040706,901.4099105
2020-09-14,45.9654743,9.229591906,154.5284428,155.5765705,89.69176396,77.13991928,182.4208544,143.4385705,37.58004771,895.991862
2020-09-15,48.84267268,9.367799371,148.671799,149.1776108,92.22463946,76.6896831,178.582938,138.8979556,36.90176291,878.7233459
2020-09-16,49.49282643,9.374140029,129.7985834,149.5463548,90.89279727,74.25299482,157.4119517,129.0817525,36.67138716,825.7741592
2020-09-17,51.69331872,9.613843271,148.0307038,154.1197858,92.94527772,76.00640721,178.792383,139.5645113,38.28143304,888.6190109
2020-09-18,52.07998594,9.756444809,154.9684085,150.2297698,94.72503483,76.77287357,184.7008221,138.5973173,39.10739957,900.7454391
2020-09-19,52.63267234,9.70031404,153.821233,148.4847044,94.88909706,76.19723877,182.5168884,139.8118356,38.59709978,896.9188808
2020-09-20,52.91223544,9.669296836,153.4013156,149.2949624,94.86089749,76.18988511,180.6057874,136.2645459,38.63609149,893.3062527
2020-09-21,51.98480382,9.723296768,156.3335177,152.3341352,93.75399322,78.85711366,188.0191063,136.7476468,38.04255973,906.2465307
2020-09-22,50.48213595,9.781158871,154.0299306,154.6223865,94.01757268,78.91316521,187.2369185,136.4696129,38.41488287,903.4906716
2020-09-23,49.22934746,9.931319228,158.4127619,163.343845,94.19543208,80.74199728,189.2628873,139.3210146,37.96930956,921.8959127
2020-09-24,49.18491226,9.964918444,159.1296993,164.9279965,93.44860807,81.1451976,191.1136259,141.9343608,37.79268795,928.3443725
2020-09-25,48.82029442,9.862760145,158.3693976,166.8573491,90.03273274,81.60568575,192.9140421,141.3947952,38.74354857,928.6082302
2020-09-26,48.89676961,9.72975206,158.8264297,170.7159792,91.58563437,81.60012972,191.048813,139.3230939,38.4561468,930.117321
2020-09-27,48.16720446,9.621491597,157.4132797,178.341523,95.02479459,81.90513631,190.4594684,140.4751223,39.18028199,941.0428912
2020-09-28,47.91065154,9.636455948,157.0500823,164.909326,96.96745652,79.03163344,194.9564539,143.8181966,40.07709412,934.820946
2020-09-29,48.60184943,9.897171142,156.1167069,144.5678702,99.18066324,76.12834907,192.0850578,136.8267622,38.64281412,901.3585715
2020-09-30,50.44351359,10.11512643,153.9176386,140.7067483,97.3708025,75.27184028,188.354196,126.0663912,36.11142586,877.7722483
2020-10-01,50.40111009,10.12925944,153.4589829,139.4021073,95.73970234,74.42243008,188.5527164,123.3940749,34.25227871,869.488141
2020-10-02,50.57806329,9.9298824,154.119797,141.0624782,94.99908844,74.10510784,188.7050717,126.731543,32.31989621,872.5177018
2020-10-03,50.28708355,9.716728844,154.841782,145.470062,92.83354314,73.53328567,188.0936666,131.5947247,28.58101308,875.2046053
2020-10-04,50.41760833,9.826040517,152.296411,148.440517,92.25591246,72.81518297,185.8457867,132.8308361,29.58551486,875.0737599
2020-10-05,50.29480523,9.724586023,153.3357206,147.8919333,92.85563651,74.92880393,188.8445478,134.6113815,30.99714733,883.8344481
2020-10-06,48.14133118,9.749377077,154.2618659,147.3597518,92.27936946,74.75006422,189.3494175,132.673146,30.06495255,878.2483575
2020-10-07,47.83338171,9.651983578,156.4777505,149.0798571,90.78446404,74.07424715,192.1945451,131.5977404,20.73802132,872.1015268
2020-10-08,46.896401,9.524050433,156.3834235,152.4197747,89.63153006,73.98832893,193.5395217,135.7625304,26.92244698,884.8893373
2020-10-09,44.54936221,9.45121529,158.5521478,157.545627,89.87167605,73.67430357,196.1573636,143.3232644,31.57339067,904.6756564
2020-10-10,43.65522142,9.34662295,157.3277263,162.6880149,89.86316202,73.59259655,196.7446766,147.7398807,33.99016347,915.245043
2020-10-11,43.84509649,9.468344838,158.2766237,163.3675454,90.2678441,73.82840701,194.4929797,149.9140006,35.83184908,920.2967202
2020-10-12,45.02938669,8.513846333,159.3637389,169.3205035,86.74916992,74.00178796,193.330474,146.8700071,36.95714617,920.5577926
2020-10-13,45.65993921,7.666968732,158.6816948,165.5836488,84.91799411,73.91651646,193.2730302,145.2053416,36.69379441,911.4088678
2020-10-14,46.12389812,8.714992006,160.2261143,167.500999,86.30913351,74.7871286,194.0643728,143.0063774,34.86514982,915.2663304
2020-10-15,45.86083517,9.334292989,159.5027718,169.4189419,87.44117532,74.1098448,196.2254758,142.9162193,34.3372976,918.9479912
2020-10-16,44.73390385,9.375505489,158.6817447,153.0193487,89.24875715,72.61771193,194.9071194,143.7093095,34.63793314,900.834982
2020-10-17,44.38039195,9.306666221,156.2671092,141.3816631,90.33731293,72.59576207,193.6203845,138.9892931,34.10125977,881.4282933
2020-10-18,44.66102323,9.487132317,156.3218751,153.7149246,91.47074043,73.22541951,191.516769,140.9651739,34.50653822,896.8254909
2020-10-19,44.16524818,9.387191153,158.0593249,163.7155528,89.69981032,73.1414565,194.2242803,143.4402196,34.27015137,910.4800931
2020-10-20,42.89668203,9.337958736,157.4484279,162.3173828,88.20464019,72.55484111,193.653077,140.3963788,34.73837814,901.3124352
2020-10-21,41.73637525,9.307564496,158.0347011,160.1444507,86.35430119,72.67485304,195.7256107,138.1062359,35.21022469,896.9465164
2020-10-22,41.9512888,9.315943666,157.6425191,160.4116757,87.36389145,72.13680316,195.8454245,141.8093781,35.60954017,901.7974048
2020-10-23,41.18170593,9.097486063,155.7593197,163.8328977,85.83980497,72.2769295,196.529482,144.7488555,35.96951769,905.2196202
2020-10-24,40.01069036,8.841421034,155.1936072,151.7131837,83.25448357,70.91628972,194.5397522,145.0079398,36.09660785,885.9228918
2020-10-25,37.55434383,9.053417337,161.5797519,160.8907746,83.94097346,74.15879292,200.7170378,152.7616489,37.28244448,918.6585612
2020-10-26,34.00969267,8.119627765,157.4544222,160.7031523,75.16755293,70.44474225,196.2590171,143.0088277,32.32891732,877.7026633
2020-10-27,32.63971488,7.436386628,157.6260011,137.5197835,64.24106276,69.05026751,194.8974021,138.591235,27.28219478,829.3631466
2020-10-28,33.33978261,7.000463201,160.0281918,127.5007137,56.83895239,66.4501411,196.3280148,142.1340947,32.45453427,822.025358
2020-10-29,33.43262515,6.920183609,158.2935573,127.3195361,57.44667479,65.41544325,195.2836262,139.4601973,34.2758323,817.8079568
2020-10-30,33.78817011,7.013613465,157.3470036,124.7981584,59.46412679,65.53078896,192.0381915,133.118859,32.46466681,805.6616832
2020-10-31,34.23008392,7.274372848,156.3555008,126.155066,59.88937399,64.30449729,187.6756962,130.8153307,31.27913913,798.1721954
2020-11-01,36.12088329,7.594376873,153.7363246,124.9859002,61.56214385,63.25456306,187.6785577,130.7697083,31.119228,796.6576421
2020-11-02,36.79395919,7.747861911,140.4111729,125.9917755,63.83653685,62.17684,180.8886265,119.1296699,29.06473699,766.165586
2020-11-03,36.6457284,8.060756078,150.9485755,125.0363541,65.88528113,62.14442442,184.8731403,123.9875004,28.74991783,786.2801027
2020-11-04,37.16180077,8.071067539,156.1530712,127.8557045,66.36932088,62.98731207,188.8410306,125.3514088,29.48947937,802.1910011
2020-11-05,37.96762216,7.983525752,158.3429254,132.4678349,67.21543118,63.12943514,188.8961187,129.4946771,30.82789832,816.2616885
2020-11-06,36.75719403,8.152127816,158.2602285,133.8861231,67.51185164,63.73712269,188.9751638,131.8266207,31.18189442,820.3639898
2020-11-07,33.79420208,8.135527912,159.160044,135.9458189,66.24850581,59.18836111,188.3792293,134.1330146,32.04001689,817.2687756
2020-11-08,32.0295666,7.785627781,159.7435594,138.1472815,64.03724264,60.90675249,188.5489226,135.1337209,32.09974192,818.344896
2020-11-09,33.20043852,7.198229588,161.7415027,143.572642,61.50985305,64.62044847,192.273058,137.1202944,32.13115926,833.4926854
2020-11-10,33.09682657,6.823670993,160.8131656,145.2013723,57.70254881,65.85984952,193.2265415,137.5927044,31.60934891,832.1822251
2020-11-11,33.52833478,6.632355687,159.6487839,146.2610942,54.09546052,66.25769641,194.4084309,137.9616932,31.68701268,830.6725694
2020-11-12,33.67322201,6.718637545,160.2776803,145.398509,53.36043512,65.86024739,195.0021988,140.0631582,32.05896483,832.5397723
2020-11-13,33.85312496,6.648322318,159.5209407,147.2844323,53.27520048,65.49494495,194.7340482,142.0900791,33.14446692,836.2633501
2020-11-14,33.75493276,6.548773331,160.128275,148.4137324,52.48657379,60.24982668,192.4392161,140.3026057,33.64336183,827.8737407
2020-11-15,31.88150955,6.518644402,159.5688899,143.7424184,52.51998933,61.12345275,189.6608497,141.2642304,34.13781539,819.8249218
2020-11-16,29.79320964,6.646242341,144.4191739,124.8159727,52.63280507,61.10840006,166.2252441,131.8713224,31.88150274,749.5049035
2020-11-17,33.96861076,7.035944209,155.7597824,131.2059654,57.11816202,63.88326514,183.80245,132.8829497,32.00339047,797.6991542
2020-11-18,34.92749794,7.225068881,159.6221416,132.5812443,59.36998463,65.15134616,191.3272837,131.8753471,30.59323171,812.7101257
2020-11-19,34.26380693,7.419930929,159.4125426,137.9417468,60.20207637,65.01460612,191.9943842,132.1960791,30.69192591,819.1934718
2020-11-20,34.64851296,7.422951559,160.3537981,135.2320752,61.1845503,65.07314801,193.9137903,134.3715444,31.26632071,823.626788
2020-11-21,34.11069205,7.297467936,160.9692344,136.8318578,61.117948,64.04929614,193.4483563,135.2806117,31.87673038,825.110466
2020-11-22,32.34977576,7.206610011,160.2562145,137.5178654,59.38207484,64.0528182,189.743192,135.78287,31.73146397,817.581979
2020-11-23,34.10945068,7.265886873,159.6720382,135.3899603,58.59208487,64.65063416,193.121355,132.3586331,31.21943477,816.4510868
2020-11-24,34.51086121,7.195594939,159.3545607,139.9279342,57.81163443,64.37228582,191.9675645,133.2892537,31.6890184,820.3436867
2020-11-25,34.47031344,7.251465791,160.2626808,140.9991061,56.65542736,64.79318368,195.3542304,136.1892421,32.33979422,828.4254239
2020-11-26,34.09227038,7.088352563,159.5401972,138.9285862,54.10331582,64.38755939,195.1239685,138.0098081,32.28236998,823.6474787
2020-11-27,33.54658888,7.044605474,160.5679981,144.7948586,54.27663477,64.89794609,195.794075,142.149063,32.03851598,835.3119594
2020-11-28,33.2635361,6.618600132,163.0280107,142.9017543,51.56817321,65.88027929,193.1449288,140.0250777,32.55260388,828.9294107
2020-11-29,32.50070981,6.164127167,162.4581118,131.8952913,49.48308851,65.80186782,191.3013925,139.7108563,32.14183603,810.7093517
2020-11-30,34.03340832,6.111096844,161.990241,128.4632998,50.79019269,66.75482044,192.6965005,132.6302629,30.118893,803.5695992
2020-12-01,33.73676544,6.057887475,160.1357039,126.8384114,50.64674728,66.07599379,190.2142907,124.4502577,26.56173953,785.1392728
2020-12-02,33.80969486,6.050916564,161.2820658,130.80915,50.54258975,66.69872837,190.7309106,123.9745789,26.55241522,790.8217957
2020-12-03,32.89089143,6.008897248,160.7580253,130.3091099,50.15006822,67.14263314,191.8119938,127.3519485,29.01488106,795.7194874
2020-12-04,34.20727814,5.953022595,161.4402798,132.703511,48.29555246,68.89615038,192.2269858,130.2464201,30.08909226,804.4136975
2020-12-05,34.24777963,5.879489104,162.0243104,137.0576837,47.50707148,70.59094473,190.6745168,128.2223244,30.95631023,806.8931466
2020-12-06,33.35635058,5.797129871,160.8876138,137.0057706,47.05546554,71.36223499,190.1529481,129.7938826,30.59704702,804.3393381
2020-12-07,34.36451885,5.777771923,162.904184,134.3567737,48.41908244,70.25489578,192.5722879,126.672075,28.37498045,803.6846202
2020-12-08,34.62585839,5.982515075,161.3670664,132.5685456,50.19783258,69.35542241,191.7027657,125.4578845,25.25830004,797.0561188
2020-12-09,34.56753699,6.177826195,161.8254755,131.0330978,50.72644301,68.12346313,190.0605131,123.9939562,24.4706779,791.3655895
2020-12-10,34.17347845,6.346474149,161.3650473,130.206635,49.643359,68.61050878,192.0305819,126.5386349,24.47627155,793.7439373
2020-12-11,33.95112269,6.203990175,161.7542432,131.2014808,49.56954256,67.16412195,190.9947787,128.9802346,25.4703324,795.6666655
2020-12-12,33.77370757,5.95873845,151.4620585,133.5913067,48.56060151,66.27348232,174.1980282,126.3827147,26.26757834,766.3026595
2020-12-13,33.56180058,5.729330261,159.9704581,135.4407945,47.75076126,68.16323729,185.439114,131.778773,29.45800166,795.9879598
2020-12-14,34.45101182,5.763674731,161.574035,132.7772459,48.53401579,69.66583736,193.0243048,134.2740691,31.10327593,811.1550871
2020-12-15,35.00556361,5.752568285,161.1907272,129.3775912,47.98461144,68.80236852,192.8824863,129.6179895,30.74956255,801.7891934
2020-12-16,35.17372716,5.793759596,161.748427,130.5172832,48.47093906,68.87708523,191.8770505,128.2758836,31.21876587,802.3047557
2020-12-17,34.87048675,5.738507368,158.2850599,133.2745991,47.83204904,69.33665532,192.0955052,129.446303,30.20779077,801.4224751
2020-12-18,34.52202705,5.884391507,159.7569902,133.2291035,48.44502722,69.04954845,192.0154491,130.4665464,29.1581619,802.8910297
2020-12-19,33.71820932,5.888618752,158.5076567,131.6235256,48.4306037,67.5894035,191.2821052,132.5402861,29.34224269,798.8578163
2020-12-20,33.32325778,5.771769139,159.5746108,130.1122193,48.00744405,70.25900302,190.5025437,133.8848427,29.98772947,800.1812815
2020-12-21,32.67225021,5.781933059,156.3619163,125.7391432,48.10342784,68.5186975,188.1239331,133.4403658,29.69218581,788.3795285
2020-12-22,32.78387187,5.912167382,153.1422493,126.1521126,48.29366852,67.2707958,183.4864512,132.9834813,28.91006227,779.1643324
2020-12-23,32.28474034,5.9534392,150.2009082,122.992247,48.41709278,66.04216663,181.3328896,132.129278,29.34986757,768.8187705
2020-12-24,28.00140233,5.731545259,136.856064,102.7674228,45.76597497,60.01520608,155.7985662,118.4029601,28.90049269,682.1843038
2020-12-25,23.51626751,5.080534895,114.6052398,93.26732917,39.29960782,53.64894471,126.2351779,97.49549612,22.79454353,576.0043348
2020-12-26,28.34093565,5.640307752,137.9068551,109.8927586,44.25764812,60.6505968,155.5099541,116.1148507,23.57577732,681.9564606
2020-12-27,30.68144196,5.835186305,148.192105,119.8568214,46.15058005,66.89517108,174.0509446,124.3514015,24.2434478,739.1869027
2020-12-28,30.40729878,5.993167957,141.8399261,111.2852808,46.00536815,62.65372873,166.9720025,122.9350411,24.5748091,712.6088219
2020-12-29,31.26847115,6.000993288,142.2272803,112.8310527,46.83063654,61.1360193,166.7785743,122.9441803,25.81778577,715.9081918
2020-12-30,30.46511111,5.886422409,143.119118,113.5585082,46.71244271,64.09842181,166.2463574,122.3115062,27.36905222,719.8339807
2020-12-31,27.87124609,5.590944751,129.7534393,101.978828,44.22038493,58.66471855,148.9758994,116.0519369,29.11121829,662.145474
