Fecha,BCA,BCS,CEN,NES,NOR,NTE,OCC,ORI,PEN
2020-01-01,23.566515,5.1033778,117.49409,88.46212,38.699768,53.131023,127.34591,106.9166,29.976517
2020-01-02,29.307213,5.5854983,143.90642,110.23712,42.791447,61.398979,158.9064,124.57919,33.837517
2020-01-03,31.085302,5.7682009,152.56343,119.04167,45.030628,64.624588,175.03735,131.55515,36.202038
2020-01-04,29.550413,5.7890301,146.35934,115.64552,44.831665,62.804058,169.10831,126.7724,32.787415
2020-01-05,27.785938,5.5639677,136.66946,105.2328,42.535484,59.939552,152.92401,115.12894,27.189587
2020-01-06,32.516113,5.8228421,154.37506,123.07652,46.160015,65.476273,177.99834,123.67194,28.690187
2020-01-07,33.329815,5.8716979,163.53047,125.57713,46.960613,68.44265,190.47691,125.6021,28.78528
2020-01-08,34.203312,5.9035521,165.2551,126.8402,47.170811,69.561523,192.5817,128.54457,28.633318
2020-01-09,34.696095,5.9603839,167.33286,129.82822,47.472397,68.459389,193.8649,129.0704,30.666662
2020-01-10,34.04818,5.838264,165.83076,131.72595,47.150692,67.210625,191.91978,130.11739,33.089863
2020-01-11,31.762783,5.7253866,158.14101,120.99242,45.433369,64.950233,180.85381,128.54692,33.810829
2020-01-12,29.148129,5.4406734,146.31685,107.92493,43.194134,59.870739,157.36957,120.29856,32.989548
2020-01-13,33.57045,5.7843027,161.66234,128.16327,47.251793,66.189186,185.08591,130.50841,35.471249
2020-01-14,34.568951,5.8950963,167.3423,134.91182,47.98016,70.923553,195.172,135.37329,36.219143
2020-01-15,35.345757,5.8436375,168.69328,136.68945,48.894962,64.562645,197.34724,139.58905,35.531757
2020-01-16,35.557964,5.7960877,168.03172,137.09763,49.067886,69.041336,197.33357,135.67563,33.944664
2020-01-17,34.894886,5.9758501,166.38541,136.66841,49.032387,67.28598,196.72653,134.33713,34.445404
2020-01-18,31.852102,5.9589863,156.67404,126.88351,48.170055,62.812958,185.00172,131.06375,32.731503
2020-01-19,28.261881,5.7228231,146.77718,111.5942,45.403599,58.344463,161.91733,124.29671,31.106779
2020-01-20,34.142418,5.9442177,163.3786,128.95184,48.953747,66.205048,186.02669,127.52134,31.893801
2020-01-21,35.2183,6.0525446,166.60484,136.63945,48.660061,68.291519,193.37904,125.48037,28.289742
2020-01-22,34.937073,6.0606518,167.62698,135.45084,49.103619,68.39753,194.55493,126.3421,26.824236
2020-01-23,34.948559,6.0132599,170.02927,132.13945,49.11425,68.12574,195.39326,128.35556,27.363081
2020-01-24,33.809597,5.9492226,168.02866,129.99492,48.385845,68.035667,192.8811,130.98947,28.60417
2020-01-25,30.99383,5.92662,156.27356,123.21896,47.505085,62.060051,180.87151,127.92979,28.216972
2020-01-26,28.229067,5.7114115,145.64162,108.5128,44.655079,54.805393,157.33574,123.49036,27.673958
2020-01-27,32.787991,5.945137,165.18681,128.63895,47.762005,61.78965,183.40733,132.45877,32.060532
2020-01-28,34.227905,5.9245739,164.87749,134.12558,48.786041,64.165428,193.18541,135.54115,33.934376
2020-01-29,34.272991,5.7648425,165.44527,131.01201,48.721722,65.95507,194.15819,134.53166,34.174183
2020-01-30,34.313381,5.7943912,167.34952,131.86504,48.618397,65.640404,194.77469,133.28136,32.752235
2020-01-31,33.725246,5.7929482,164.31155,130.21512,48.002232,65.028038,193.33563,135.0722,34.954815
2020-02-01,30.748793,5.8092909,153.50294,119.66404,46.698578,60.595242,180.91386,128.60144,31.481863
2020-02-02,27.230093,5.5759668,137.5168,105.40471,43.484058,54.38015,155.81271,114.71744,25.370567
2020-02-03,27.267672,5.6863613,140.84172,106.7265,43.584488,53.770737,156.61522,114.82909,26.299692
2020-02-04,32.64642,5.7534647,159.366,129.08041,47.285194,61.224148,178.68434,128.46878,32.200134
2020-02-05,34.996025,5.5388379,164.73094,130.57646,48.271915,65.479141,188.68086,135.97998,36.08215
2020-02-06,35.057777,5.5116167,162.71288,131.55315,47.838394,66.434952,185.00459,136.07109,37.006222
2020-02-07,34.258938,5.6052904,160.15637,132.17508,47.476742,65.804741,185.4538,131.40642,33.329632
2020-02-08,31.479767,5.6983466,152.7906,124.963,46.766762,61.380039,178.34625,128.97685,33.003433
2020-02-09,28.99831,5.4970775,141.50075,114.94919,43.778965,54.511902,155.07123,125.18075,32.955303
2020-02-10,34.149727,5.8586683,160.53487,139.38058,47.747421,61.540047,183.15454,134.26152,36.607426
2020-02-11,34.240955,5.8384733,166.0872,140.40205,48.168373,66.239815,193.50363,141.85114,37.816803
2020-02-12,34.665085,5.7401338,167.02899,136.46465,48.104797,67.435928,195.95375,143.85793,38.861794
2020-02-13,34.708195,5.7608562,165.30438,133.23257,48.234207,67.686417,196.0076,141.57773,39.100174
2020-02-14,33.941223,5.8742709,164.70265,134.90945,47.791298,67.653168,195.36095,134.74464,38.614811
2020-02-15,31.157478,5.8601956,153.73479,125.17127,46.710457,63.607609,185.85336,132.55087,36.642189
2020-02-16,28.319786,5.7103424,140.35379,110.24269,44.894436,57.205379,163.6064,126.9378,33.929695
2020-02-17,32.841713,5.9473062,159.81372,135.75972,49.047676,64.910133,193.02322,137.89487,36.560329
2020-02-18,33.821854,6.1866255,166.90469,143.80006,51.305557,67.084549,203.16893,141.03717,38.116814
2020-02-19,34.545116,6.3296847,164.67508,138.10977,51.659798,68.674889,205.96198,143.43282,39.596107
2020-02-20,34.699417,6.3884263,166.37285,136.22598,52.139328,69.306435,206.77292,144.09912,39.510712
2020-02-21,34.109871,6.4947338,165.77034,137.24437,52.701836,69.353088,204.62105,137.76897,37.729897
2020-02-22,31.070173,6.5092254,157.03543,127.87641,51.859756,65.205315,194.10329,126.38814,31.16795
2020-02-23,28.502758,6.104353,142.63503,110.65537,47.315426,58.376781,169.64043,119.07686,28.010571
2020-02-24,33.726044,6.1330714,163.60297,134.62099,49.866329,66.591797,195.41086,131.66954,34.014572
2020-02-25,34.152458,6.0976324,168.01175,137.63316,50.766376,69.672783,205.44606,137.0726,36.655197
2020-02-26,32.575874,6.1010346,165.8775,129.71835,51.566929,71.66124,203.70082,134.55951,37.51366
2020-02-27,33.578495,6.1023569,164.53162,134.17456,51.563904,72.404549,201.21805,127.30774,29.870262
2020-02-28,33.558647,6.195055,163.99107,134.27597,52.104973,71.778229,200.77257,127.43192,27.847811
2020-02-29,30.510529,6.1686831,155.87297,125.11987,50.686657,66.692009,190.77905,126.67976,26.537045
2020-03-01,27.598852,5.9915414,143.30972,112.74985,46.624458,58.697758,166.80296,119.03376,25.942255
2020-03-02,32.083569,6.228569,163.51578,138.31007,50.32188,67.022469,194.29446,134.01538,32.566959
2020-03-03,33.397175,5.8979845,168.88472,144.01103,49.041115,69.014641,204.76173,143.51964,38.153694
2020-03-04,33.983536,5.831862,170.52264,144.11177,48.938969,69.873932,206.12262,149.47475,40.658691
2020-03-05,34.609715,5.9956098,168.13206,133.09401,50.246334,70.610504,206.86072,142.71727,40.570164
2020-03-06,34.085052,6.0681992,166.89069,133.10638,50.593548,70.179672,203.76044,134.08029,35.550743
2020-03-07,31.159229,6.0276074,156.60533,124.06422,50.797192,65.372261,193.27344,129.26877,30.77998
2020-03-08,27.024517,5.7239318,144.40509,111.4881,46.410934,59.028198,168.26039,121.16205,28.578173
2020-03-09,33.120144,6.1921229,161.82683,131.89276,50.567856,66.596443,194.7903,131.16006,32.000278
2020-03-10,33.418568,6.3302908,171.47395,139.24976,52.775597,70.247154,206.3196,136.90298,34.13002
2020-03-11,33.704281,6.5980334,171.9575,144.16676,55.292522,71.472633,209.32382,140.6041,35.082195
2020-03-12,33.740406,6.8915472,172.80037,147.92479,54.297756,70.638725,211.38911,142.25385,35.626144
2020-03-13,33.326653,6.739759,173.66547,152.29942,53.322971,70.044487,210.54208,147.59102,36.561543
2020-03-14,30.54248,6.479785,162.1505,145.40894,51.840557,66.668495,197.2476,147.26111,36.377041
2020-03-15,27.601568,5.9521194,146.85713,125.97832,47.688656,60.070156,170.97324,138.0013,34.498344
2020-03-16,27.747065,6.0435271,145.66124,122.4666,49.892273,62.724602,170.72684,137.55933,35.870678
2020-03-17,31.809259,6.1854963,164.25645,146.83832,51.781841,71.187584,195.19444,142.78004,37.302593
2020-03-18,33.378822,5.9496031,168.28821,154.08804,51.125637,74.422195,207.41466,150.11736,38.30547
2020-03-19,33.595692,5.9235997,172.27522,159.41882,51.019169,73.793922,207.57326,152.21976,38.736382
2020-03-20,32.928352,5.881918,171.16023,152.03358,50.554752,74.111435,206.59814,151.92963,38.72633
2020-03-21,29.91853,5.5184569,159.92819,129.79764,50.125355,70.385391,195.7179,149.10809,36.201603
2020-03-22,27.520271,5.154911,145.9984,114.47124,47.193302,62.895977,170.90111,140.01309,33.202377
2020-03-23,32.10239,5.4981351,162.34283,138.32355,51.908897,72.266129,195.76334,148.42203,35.028332
2020-03-24,32.306801,5.5313535,169.63382,150.91644,54.052925,76.670273,204.70114,148.84785,35.407707
2020-03-25,32.627312,5.4960213,168.27054,160.70526,54.401604,78.971077,205.58165,152.38631,35.617352
2020-03-26,32.306618,5.4706516,169.56921,160.7619,54.493176,80.499306,204.67198,152.3259,35.349388
2020-03-27,31.679642,5.3191581,166.79167,161.34479,53.584091,77.977432,201.61403,152.61761,35.292385
2020-03-28,29.103367,5.0912142,159.34341,150.48703,50.984653,73.719246,191.23488,150.42593,34.306389
2020-03-29,26.850653,4.8193517,147.51097,124.07041,47.546726,65.409393,169.91086,142.526,32.529587
2020-03-30,31.269289,5.0882721,160.57877,135.64001,50.694805,74.89608,190.89154,145.23558,35.89114
2020-03-31,31.889387,5.0450373,162.97623,144.6985,51.180218,78.125076,197.18297,145.82739,35.902729
2020-04-01,32.119541,5.0571656,160.85919,141.28748,51.461758,78.210419,193.25911,145.0004,34.630547
2020-04-02,32.225948,5.2143164,159.20764,141.30098,51.081875,77.534622,189.1669,146.10764,34.561939
2020-04-03,31.132778,5.27665,157.56389,142.24425,50.842419,76.46933,186.63423,147.47009,34.907177
2020-04-04,28.920633,5.1914926,148.86305,123.72034,50.31813,72.63208,179.65758,144.18439,33.69133
2020-04-05,26.472017,4.8224807,132.43959,99.000198,46.005222,60.55275,153.23051,130.05707,29.819977
2020-04-06,29.559765,5.1354384,146.62801,115.14387,49.254738,71.990463,170.48293,140.21822,34.143677
2020-04-07,29.776878,5.0792446,148.99492,127.51411,50.995155,75.124123,176.91609,142.60803,35.059414
2020-04-08,29.447315,5.0331054,150.67609,136.56711,51.058926,75.879181,177.50623,145.84624,35.171276
2020-04-09,28.28558,4.7727613,142.14963,136.1333,49.172333,73.811928,166.53098,145.11311,34.900597
2020-04-10,26.390301,4.4991407,131.18376,127.44635,46.701214,61.160206,147.51167,136.3511,33.485928
2020-04-11,25.013817,4.4135265,133.77505,117.92612,45.408882,66.081322,153.23544,136.92656,33.37471
2020-04-12,24.180004,4.2864032,128.64436,119.70953,42.795975,61.540634,148.06639,134.38777,33.545006
2020-04-13,27.142956,4.6514602,146.96466,129.38603,46.994808,66.447662,167.34624,142.83441,36.668873
2020-04-14,27.048841,4.8650117,149.9108,119.06167,49.297157,68.906158,174.1868,143.83475,36.65168
2020-04-15,27.393896,4.9209929,152.14403,108.74329,50.696888,72.666298,176.30464,143.43925,35.816986
2020-04-16,27.123297,4.9727135,152.28235,108.2331,51.004562,74.496567,175.46207,138.06683,35.163403
2020-04-17,26.230682,5.0488048,151.41168,116.38065,51.529095,73.808723,173.21176,140.51193,35.408932
2020-04-18,24.451221,4.936501,147.67902,120.72817,51.35817,71.549873,171.95306,140.87086,35.014519
2020-04-19,23.573738,4.7437534,138.31009,123.11923,48.727715,64.222366,157.51357,136.56721,33.588409
2020-04-20,25.839653,4.943037,149.66656,142.10399,52.180969,72.505798,172.23077,143.7562,36.073818
2020-04-21,26.241112,5.0937543,152.64078,147.87633,54.106968,76.383514,177.75848,145.93375,36.153793
2020-04-22,28.07118,5.203908,153.18532,153.04013,55.039139,77.139412,176.60162,147.34108,36.111767
2020-04-23,30.613901,5.3171945,152.09619,151.86284,56.567818,77.219673,175.11162,147.27698,37.126602
2020-04-24,32.461933,5.5697966,150.82567,151.21851,58.672829,77.374588,174.04611,145.89958,37.465244
2020-04-25,33.482327,5.6937528,143.64989,141.88849,58.911705,74.622833,168.39882,143.10695,35.984104
2020-04-26,34.110088,5.7403088,134.1106,119.34843,58.874954,68.2136,155.32401,129.8287,33.046406
2020-04-27,36.426075,6.2132258,144.68462,132.56375,63.624168,76.404907,168.36572,128.98984,34.45229
2020-04-28,36.338436,6.330348,148.4906,141.62149,65.50325,80.590698,173.74318,133.5313,33.638054
2020-04-29,37.713303,6.1503325,148.08405,139.08078,66.743919,80.160194,172.38341,139.12997,33.650467
2020-04-30,36.63343,6.1775055,145.98676,126.52013,68.197083,82.426849,168.08136,133.74602,32.960178
2020-05-01,33.741917,5.9330854,125.90913,117.34109,67.046173,76.926559,155.13885,126.86346,29.914284
2020-05-02,32.984776,5.8352513,127.2782,130.60149,66.501595,77.08429,157.405,126.43459,30.8356
2020-05-03,32.133911,5.8818688,128.61696,133.5775,65.140724,71.914474,151.60172,127.2628,31.521667
2020-05-04,36.778385,6.1009688,142.01546,152.10712,69.236137,80.102028,171.75822,135.66925,34.100319
2020-05-05,40.187042,5.925456,147.64674,158.47084,71.527351,82.814369,173.17075,137.48555,35.236187
2020-05-06,42.657162,6.0962958,145.72011,145.35271,74.858948,82.409172,168.02528,134.70842,35.157856
2020-05-07,43.415794,5.9695663,143.4319,143.9827,75.226593,83.463699,165.05049,127.50127,32.202679
2020-05-08,42.966858,5.7156301,143.06538,143.35112,74.484283,79.825661,166.72821,129.55,32.19545
2020-05-09,39.96978,5.5941558,138.03383,121.23862,71.142815,75.764481,162.05116,132.63373,32.259251
2020-05-10,36.782356,5.362103,126.90008,108.61642,66.369545,68.600822,145.28416,120.61792,27.154711
2020-05-11,39.953007,5.6319723,137.1974,127.52217,68.706795,76.430191,162.94269,128.33253,28.470823
2020-05-12,37.489189,5.632606,143.09006,136.89186,69.387466,80.255547,168.11105,131.61899,29.602129
2020-05-13,36.513817,5.7628775,144.2621,143.74138,68.988449,82.516846,170.82388,139.26831,31.316378
2020-05-14,37.437481,5.8339686,145.09146,147.51903,68.14933,83.295341,173.14832,142.14175,33.223114
2020-05-15,38.302776,5.6965222,145.49886,151.96597,67.56958,83.415688,175.84232,144.8674,34.283752
2020-05-16,38.040077,5.5782762,142.40842,140.69002,67.480812,81.036003,170.17336,144.87389,34.282963
2020-05-17,36.210579,5.3156981,133.32716,129.77649,65.885612,74.276535,156.0769,137.35605,33.83128
2020-05-18,38.925018,5.5140424,145.05388,151.55991,69.281395,85.698723,174.77316,137.32108,34.06889
2020-05-19,35.083931,5.4947524,148.51448,161.88705,70.636322,89.997154,180.2365,139.37454,32.469135
2020-05-20,35.3526,5.5956187,149.70627,166.53308,70.948708,90.465424,183.48547,143.60091,34.20977
2020-05-21,37.957409,5.6668615,151.34641,160.20998,70.704857,85.661896,184.90346,143.52029,34.509239
2020-05-22,38.807117,5.7215071,148.44778,154.74403,70.666725,87.779625,185.54791,135.18265,33.570415
2020-05-23,36.038853,5.6574244,141.75856,153.30824,70.018753,85.88105,179.16104,135.65176,30.519928
2020-05-24,35.075157,5.3533812,132.84875,140.08348,66.742615,76.91584,163.0278,130.92603,28.861305
2020-05-25,41.062279,5.5921426,145.69118,153.21207,69.96373,86.823395,182.66815,139.75659,33.024281
2020-05-26,43.655296,5.7035298,136.20015,151.36745,72.221939,90.137039,188.73833,142.64345,33.458969
2020-05-27,45.15987,5.7018166,152.46603,156.1794,73.480133,92.358299,191.88008,142.96178,34.512489
2020-05-28,46.614243,5.7589126,150.12134,159.80113,75.021942,93.709709,192.265,139.96056,36.052547
2020-05-29,45.634457,5.8326225,144.27565,143.64157,76.763542,93.278458,191.01857,129.43655,34.622536
2020-05-30,41.028179,5.792901,137.66612,131.84958,76.891884,87.586777,180.16216,122.65912,30.236322
2020-05-31,37.853771,5.5888624,128.83234,119.79375,73.655159,77.735924,160.82053,116.85561,28.281576
2020-06-01,43.937767,6.0447164,141.3643,142.59804,77.606483,86.195656,188.86278,122.46588,28.672592
2020-06-02,45.897346,6.1086025,148.05049,149.85519,80.488411,91.118782,199.26476,126.38974,28.026741
2020-06-03,48.599659,6.4130216,150.05873,157.3873,84.500168,96.619507,203.3448,126.00203,27.524683
2020-06-04,48.990349,6.4600649,149.37422,164.9446,88.506386,100.30234,204.63712,128.69896,26.95116
2020-06-05,45.300186,6.3472867,147.35132,165.97441,88.036812,101.68453,204.08501,132.21358,25.649796
2020-06-06,38.23288,6.135169,143.00528,157.75891,79.877647,97.960632,192.53079,131.00101,26.178568
2020-06-07,35.515625,5.870625,134.68346,149.76793,74.283195,86.626305,167.07147,126.30305,28.451279
2020-06-08,38.558586,6.0624471,150.58798,179.3902,78.49543,98.156387,194.74628,137.49921,34.114262
2020-06-09,41.476429,6.0419159,153.15289,186.72853,79.157776,99.250084,200.81232,143.64937,36.380508
2020-06-10,45.021111,6.2556992,157.0488,174.29581,81.247589,99.335373,199.80992,142.32578,36.414349
2020-06-11,47.625042,6.7320199,154.3754,165.246,85.4263,99.978432,200.78275,134.86575,35.482979
2020-06-12,46.481796,7.32236,150.58363,159.99245,89.12336,98.430367,197.52269,135.74631,33.554359
2020-06-13,41.984547,7.4595041,143.26918,149.05157,89.178963,92.358826,184.4203,130.68633,31.592543
2020-06-14,38.768997,7.1615901,128.37997,138.46286,85.12645,82.644638,165.15503,125.18596,29.978613
2020-06-15,44.893234,7.6648822,144.93367,163.84241,87.777328,94.202942,193.63766,132.53325,32.503231
2020-06-16,45.908844,7.8055549,151.93948,172.80956,89.038521,99.316658,204.20712,134.18895,32.370926
2020-06-17,45.515594,7.7323785,154.52879,175.55167,88.079468,101.45488,207.60402,137.99615,32.508274
2020-06-18,46.133476,7.9181108,155.88725,177.52554,89.544266,102.09482,207.00726,139.16583,31.778505
2020-06-19,46.620647,7.8335323,154.16173,173.90211,89.637619,101.5523,202.13741,141.02884,32.272682
2020-06-20,45.378418,7.7601099,147.46606,165.83427,88.972847,97.406189,192.15364,140.3183,32.498825
2020-06-21,42.769268,7.4634609,132.84595,154.52377,85.199783,85.961868,166.13591,133.80409,31.996719
2020-06-22,48.231098,7.7522588,148.41933,179.87393,90.119797,100.10308,189.26294,141.51381,35.47438
2020-06-23,49.270603,7.5927849,152.89799,184.30881,92.375397,105.74961,196.55917,138.47223,36.696026
2020-06-24,50.030212,7.7523179,153.27458,176.23041,93.163933,100.40617,194.42944,132.14537,37.229275
2020-06-25,49.453377,7.6985893,153.1698,166.01381,93.894516,99.730576,193.72975,132.16367,37.644585
2020-06-26,50.716591,7.6358185,152.64529,162.17464,93.948357,101.75489,187.70702,135.84955,38.008682
2020-06-27,48.308994,8.102026,145.18553,154.37341,90.727631,95.186157,176.02164,133.29033,36.726894
2020-06-28,44.300106,8.0568094,133.55493,146.2365,87.795494,83.311852,157.91084,125.61077,34.968472
2020-06-29,43.650993,8.5515394,147.91803,172.01099,92.342346,97.310684,183.04317,136.99596,38.231842
2020-06-30,44.989368,8.0722885,149.16515,177.76663,92.389328,101.51053,191.9761,140.23802,39.515274
2020-07-01,47.100239,8.2388496,149.80267,178.214,91.043907,98.51548,192.13425,142.67883,38.996677
2020-07-02,48.322449,8.5853205,149.48102,179.52237,93.071938,97.444847,190.14282,143.20705,37.440861
2020-07-03,50.382706,8.9614677,147.57204,177.05984,94.335403,97.401627,187.11189,140.56555,35.32291
2020-07-04,49.943172,9.1668282,136.10469,167.54852,94.627487,91.945137,180.80804,136.25801,33.845402
2020-07-05,48.471916,8.8713522,127.40663,157.39293,93.457909,82.596825,159.40523,133.2814,33.40963
2020-07-06,53.050499,9.0366449,146.80359,185.7234,98.416916,95.119766,188.82869,142.07039,36.751213
2020-07-07,54.057446,8.9079695,156.61205,193.09256,98.038086,100.10643,196.48911,140.59421,38.871449
2020-07-08,53.273262,8.8483934,156.86156,194.69283,97.606613,101.85659,193.69156,143.77341,39.865135
2020-07-09,52.269871,8.9662275,157.16798,196.25655,96.663383,102.9725,190.58389,147.88553,39.68486
2020-07-10,53.961304,9.4342413,154.64532,195.83923,93.509918,103.78503,186.12737,148.1442,38.658897
2020-07-11,52.945831,9.2165298,145.71011,182.39691,95.141991,98.197533,178.21782,142.33186,36.712452
2020-07-12,52.043297,9.2525358,133.95715,169.00751,95.456581,89.774315,156.90701,133.19705,35.327175
2020-07-13,57.482422,9.3577023,149.77287,193.61659,100.1101,101.84197,183.10603,142.91754,37.562492
2020-07-14,56.053352,9.5756655,157.16725,196.98563,100.5071,106.46832,195.70146,146.56351,38.401356
2020-07-15,53.827072,9.4772596,158.86603,196.47711,99.834641,106.13412,197.76187,146.36566,39.858372
2020-07-16,54.132774,9.5095701,158.74408,196.51825,97.017593,104.23996,197.07518,148.38759,39.789593
2020-07-17,54.264236,9.2813387,155.81085,192.68126,97.715157,105.05814,193.88503,147.61852,39.165478
2020-07-18,52.202202,9.1903429,147.56331,171.51233,93.356636,99.232758,183.03915,145.94342,36.877998
2020-07-19,49.4361,8.9802313,135.35521,149.52713,89.836166,89.368279,160.55174,137.4563,35.098022
2020-07-20,53.309975,9.2742081,152.07016,177.09985,95.346695,98.824715,185.35266,144.24315,36.836308
2020-07-21,54.230789,9.0741253,159.43387,182.65009,90.806671,100.38477,197.72224,144.45638,37.208099
2020-07-22,54.667496,9.0590458,159.22893,185.43991,91.348305,99.088226,199.24689,143.84624,37.390202
2020-07-23,53.396976,8.8470869,157.83086,187.19914,89.852997,95.729561,197.42166,145.10329,37.352573
2020-07-24,52.129383,8.6494026,156.67386,188.84639,89.487839,88.992531,196.46736,145.1987,38.428101
2020-07-25,49.757183,8.6016264,147.05545,173.63666,91.197502,80.673531,186.23982,145.6384,36.356625
2020-07-26,48.456436,8.5422297,136.72939,134.04964,90.94957,75.63707,161.44345,139.44936,34.064121
2020-07-27,54.041996,9.0047255,152.24644,131.15465,93.205696,84.941658,181.5672,145.67564,37.386532
2020-07-28,55.147999,8.7881193,157.20518,147.60614,90.301285,91.239838,189.98547,139.98578,39.172577
2020-07-29,57.022495,8.6512709,157.64903,149.79117,90.998703,95.439651,188.79062,141.23935,39.677402
2020-07-30,58.91206,8.7728357,156.6647,160.73782,93.609291,97.929062,187.2431,142.78381,39.462376
2020-07-31,59.931564,8.9256592,155.48387,171.09549,92.823875,97.680687,185.00931,142.07231,40.274296
2020-08-01,56.87151,9.1400995,146.00496,158.41946,92.182625,93.095657,173.75243,142.07153,38.353664
2020-08-02,52.255249,9.1195354,134.2542,144.53238,88.19413,83.530609,152.87965,137.11794,37.325668
2020-08-03,56.533237,9.7630987,149.86119,170.64661,98.432518,95.934853,179.49782,144.51128,39.85767
2020-08-04,57.456314,9.9524002,155.19679,181.66991,98.31588,100.22041,188.94736,146.44221,39.674099
2020-08-05,55.014015,9.629426,155.2999,186.70435,101.94579,101.94341,193.07751,145.20186,39.232613
2020-08-06,53.25153,9.283433,157.9187,187.87488,103.6647,102.8586,195.19807,146.02327,35.833752
2020-08-07,51.006008,9.1215715,158.93111,185.3566,100.12905,102.81827,195.24477,142.24084,35.715572
2020-08-08,50.017315,9.1288576,150.87434,171.58063,101.52256,98.349052,186.5817,136.99477,35.894615
2020-08-09,47.708092,9.1799107,136.81105,154.10677,100.09161,90.158226,161.87694,127.86698,35.705429
2020-08-10,52.912247,9.4943991,153.81963,176.34523,100.06488,102.55218,187.58372,136.6609,37.901466
2020-08-11,57.167679,10.019141,160.43851,185.52066,99.028603,106.56326,198.22244,138.20906,38.342152
2020-08-12,58.732189,10.276597,161.1743,189.21243,101.92226,107.73357,199.36247,139.37294,38.284119
2020-08-13,60.220669,10.387426,159.0025,189.97235,103.3084,108.20808,197.25795,144.35132,38.083771
2020-08-14,61.161514,10.110112,159.9234,187.61752,102.03116,107.23164,196.56644,146.28539,37.365311
2020-08-15,60.374294,9.8890104,150.38316,177.76712,99.95298,102.37339,187.10345,142.16005,36.607723
2020-08-16,56.571251,9.8460932,138.28607,164.45219,98.094788,93.898453,163.44658,133.62839,34.862865
2020-08-17,61.989822,10.149073,155.61771,184.3026,97.154167,102.96916,189.32278,140.754,37.481209
2020-08-18,62.799717,9.8408546,158.53954,186.2113,94.489059,104.31794,196.68074,140.31537,38.198013
2020-08-19,62.653763,8.1760483,161.13969,185.9335,94.817596,104.05659,196.43933,141.26659,37.620461
2020-08-20,61.707447,5.8468337,161.21646,188.33118,95.835587,104.41908,196.73042,141.73059,36.700771
2020-08-21,58.909538,7.8981347,161.41246,190.41293,95.517288,104.97923,198.16089,140.70512,35.972313
2020-08-22,56.84129,8.7136383,153.2462,179.84019,95.910492,101.93171,188.10527,143.48952,34.516006
2020-08-23,54.452732,8.8953333,141.26593,163.72983,97.482376,92.385674,164.92924,132.42931,33.693443
2020-08-24,61.161167,9.4672127,159.26291,179.15099,105.17844,102.767,190.05965,135.90149,36.71925
2020-08-25,61.938431,9.4823246,161.33501,183.49557,104.27612,105.2419,201.99109,135.06004,37.371902
2020-08-26,60.958389,9.4626865,160.84123,187.5995,104.96962,105.78855,202.87158,136.97073,37.968323
2020-08-27,60.009056,9.4145575,161.53008,196.405,106.27348,106.24841,200.92253,138.71872,37.276955
2020-08-28,59.057716,8.4212713,160.52533,197.36578,101.23643,107.22928,195.18376,141.28317,37.677826
2020-08-29,55.734917,8.094821,152.04175,186.74005,93.075005,103.3778,182.10741,139.05615,37.730751
2020-08-30,51.009808,8.4839487,138.85764,172.13568,88.138092,93.722054,159.41075,135.13231,37.675438
2020-08-31,55.389084,9.0591488,155.22768,198.52367,90.778778,102.97977,184.19968,144.90205,40.525738
2020-09-01,55.943813,9.0569944,134.04782,204.38438,86.650047,102.33427,189.80264,172.26497,41.026558
2020-09-02,56.671402,9.2397776,136.09889,199.64035,88.272026,102.0479,194.59631,173.19374,40.368809
2020-09-03,57.499817,9.4946966,135.04651,192.86252,94.078293,100.92892,197.15938,173.31534,38.632629
2020-09-04,58.709888,9.8131771,134.98181,183.53162,102.01083,101.84918,197.70363,170.43919,37.637806
2020-09-05,58.568134,9.9768009,126.97527,155.18022,103.54987,95.671906,185.30876,165.53069,36.171803
2020-09-06,57.079075,9.6254826,116.1888,132.80742,92.316322,85.240799,160.4968,155.01433,35.110096
2020-09-07,61.172585,9.526988,130.12927,158.80449,90.76783,95.566452,187.49884,164.20871,37.436756
2020-09-08,54.769096,9.4501953,135.27808,168.76062,90.29734,97.006416,194.30779,168.63551,37.686413
2020-09-09,46.848812,9.4637356,138.03181,167.92863,90.15799,89.758766,192.91341,168.60959,39.162659
2020-09-10,45.590027,9.7190638,136.69441,150.7262,90.582985,88.114967,190.20859,171.56525,39.24646
2020-09-11,43.25066,9.7968454,159.43843,139.07765,87.284363,86.434158,188.29144,142.25339,37.25993
2020-09-12,42.276497,9.6160088,153.33208,141.30389,84.809326,81.668617,179.4903,141.23505,35.702572
2020-09-13,40.369045,9.1925459,141.90074,139.35597,83.337349,71.002159,157.11961,135.59119,35.225422
2020-09-14,46.187099,9.2714329,154.31828,156.00623,89.721146,76.52739,180.86028,142.64658,37.875153
2020-09-15,50.268414,9.4162588,153.01443,155.77058,93.117744,79.503922,186.1169,140.63664,37.613914
2020-09-16,51.189247,9.4005222,133.92854,155.3174,91.933823,77.131485,163.90956,131.23152,37.541653
2020-09-17,53.8391,9.6759701,152.95383,159.97801,94.626732,79.159561,186.16359,142.40901,39.203636
2020-09-18,53.558598,9.8706846,159.1573,155.15962,96.25499,79.13961,190.77197,140.44441,39.696938
2020-09-19,50.774593,9.7103577,150.1814,143.54288,94.507477,74.403938,179.198,139.23349,37.626652
2020-09-20,47.468288,9.3625145,138.62984,130.91794,89.957962,67.328995,156.97816,129.01224,36.128429
2020-09-21,52.235451,9.7673759,156.1209,152.75484,93.784706,78.230949,186.41064,135.9926,38.341297
2020-09-22,51.955734,9.8317566,158.52907,161.45599,94.92804,81.808998,195.13597,138.1779,39.156235
2020-09-23,50.916737,9.9592695,163.45317,169.64734,95.274284,83.87204,197.07523,141.64131,38.870377
2020-09-24,51.22657,10.029314,164.42195,171.19705,95.139168,84.511536,198.99281,144.82716,38.703117
2020-09-25,50.20636,9.9782448,162.65022,172.33284,91.4869,84.121407,199.25516,143.27917,39.327602
2020-09-26,47.170578,9.7398262,155.06816,165.03426,91.2173,79.679672,187.57478,138.74677,37.489243
2020-09-27,43.211456,9.316226,142.25548,156.3891,90.113388,72.379562,165.54274,132.99872,36.637299
2020-09-28,48.141655,9.6801414,156.83649,165.36476,96.999222,78.404083,193.28864,143.02411,40.391808
2020-09-29,50.020561,9.948369,160.6768,150.95711,100.14113,78.921989,200.18864,138.53952,39.388565
2020-09-30,52.17252,10.143594,158.81502,146.13667,98.486023,78.189827,196.12903,128.16594,36.968403
2020-10-01,52.493252,10.194717,158.56264,144.7009,97.47171,77.509872,196.32632,125.909,35.077419
2020-10-02,52.014034,10.046153,158.28575,145.6915,96.53347,76.389603,194.90784,128.4205,32.807114
2020-10-03,48.51181,9.7267895,151.1778,140.62857,92.46019,71.802681,184.67337,131.05037,27.8624
2020-10-04,45.230324,9.5142851,137.63133,130.16867,87.487617,64.346771,161.53264,125.76128,27.665277
2020-10-05,50.537304,9.768671,153.12718,148.30037,92.886055,74.333832,187.22902,133.86813,31.240559
2020-10-06,49.5466,9.7998104,158.76778,153.87238,93.173004,77.493126,197.33759,134.33391,30.645163
2020-10-07,49.472923,9.6791477,161.45659,154.8329,91.824249,76.945808,200.1279,133.78941,21.230165
2020-10-08,48.843063,9.585597,161.58434,158.21338,91.253036,77.057762,201.51872,138.52954,27.571011
2020-10-09,45.814171,9.5618811,162.83791,162.71555,91.323242,75.945518,202.60509,145.23334,32.049355
2020-10-10,42.114071,9.3563004,153.60492,157.27348,89.501755,71.860596,193.16707,147.12874,33.135548
2020-10-11,39.334034,9.1679382,143.03569,143.2583,85.602303,65.242157,169.04857,141.93524,33.506195
2020-10-12,45.246498,8.5524426,159.147,169.78812,86.777588,73.414177,191.67657,146.05907,37.24736
2020-10-13,46.992775,7.7066298,163.31671,172.90169,85.740341,76.62899,201.42673,147.02298,37.401932
2020-10-14,47.704845,8.7395191,165.32422,173.96492,87.297661,77.686325,202.07491,145.38805,35.692551
2020-10-15,47.764511,9.3946133,164.80743,175.8587,89.023056,77.184319,204.31541,145.82903,35.164486
2020-10-16,46.003952,9.4852848,162.97101,158.04074,90.690262,74.856354,201.31375,145.62453,35.160095
2020-10-17,42.813641,9.3163023,152.5694,136.67624,89.973999,70.887222,190.09959,138.41435,33.243851
2020-10-18,40.066013,9.1861296,141.26917,134.79384,86.743027,64.709297,166.46172,133.46269,32.266903
2020-10-19,44.378193,9.4297466,157.84436,164.16769,89.729195,72.560677,192.56273,142.64822,34.539265
2020-10-20,44.148857,9.3862638,162.04742,169.49107,89.058815,75.217346,201.82281,142.15382,35.408779
2020-10-21,43.166935,9.3337593,163.06308,166.32448,87.343346,75.492165,203.80472,140.4063,36.045815
2020-10-22,43.69268,9.3761454,162.88531,166.50906,88.944374,75.129425,203.91969,144.69963,36.467377
2020-10-23,42.350903,9.20401,159.96959,169.20914,87.22625,74.505066,202.98944,146.67793,36.511753
2020-10-24,38.598202,8.8505754,151.5213,146.66391,82.919655,69.247276,191.00224,144.4081,35.18903
2020-10-25,33.690514,8.7661753,146.02075,141.0864,79.60244,65.534119,174.45837,144.63133,34.86264
2020-10-26,34.173672,8.1564369,157.24028,161.14697,75.192177,69.885376,194.58006,142.21921,32.582787
2020-10-27,33.592484,7.4748549,162.23018,143.59753,64.863174,71.584167,203.11963,140.32608,27.808702
2020-10-28,34.48254,7.020165,165.12,132.42101,57.489948,69.026146,204.43199,144.50124,33.224728
2020-10-29,34.820408,6.9649034,163.558,132.15906,58.485931,68.129227,203.33473,142.30257,35.10154
2020-10-30,34.747456,7.095737,161.60019,128.89346,60.424564,67.550957,198.35052,134.89294,32.954067
2020-10-31,33.021667,7.2819047,152.6557,121.95641,59.648514,62.791092,184.263,130.2742,30.492687
2020-11-01,32.404537,7.3534265,138.93259,109.60113,58.380272,55.898052,163.12564,123.80985,29.099445
2020-11-02,36.971363,7.7829857,140.22021,126.33973,63.857449,61.683125,179.34116,118.4719,29.292974
2020-11-03,37.715435,8.1024542,155.35771,130.56239,66.523315,64.424904,192.67247,125.53954,29.30475
2020-11-04,38.435562,8.0937824,161.12158,132.7897,67.129471,65.429077,196.63596,127.43905,30.189308
2020-11-05,39.543652,8.0351171,163.60901,137.50305,68.431412,65.748383,196.68388,132.13394,31.570545
2020-11-06,37.800774,8.2475824,162.5381,138.27965,68.602272,65.701996,195.18681,133.58348,31.651957
2020-11-07,32.601173,8.1439514,155.39388,131.42131,65.982071,57.795364,184.95374,133.57816,31.234434
2020-11-08,28.734161,7.5386095,144.36137,121.14245,60.727444,53.823292,163.88214,127.9416,30.016319
2020-11-09,33.360516,7.2308617,161.52153,143.96915,61.530003,64.10733,190.6282,136.36319,32.383476
2020-11-10,34.062939,6.8589697,165.51044,151.61861,58.261341,68.276672,201.37828,139.31505,32.219364
2020-11-11,34.677555,6.6510215,164.72852,151.90536,54.715034,68.826241,202.43317,140.25935,32.438992
2020-11-12,35.070992,6.7620549,165.60811,150.92523,54.325768,68.592484,203.0417,142.91782,32.831268
2020-11-13,34.814255,6.7261686,163.83289,152.11763,54.135677,67.514008,201.13499,143.98372,33.644115
2020-11-14,32.56329,6.5555539,156.3392,143.47427,52.275486,58.831848,188.9399,139.72223,32.797466
2020-11-15,28.601337,6.3118243,144.20352,126.04887,49.805466,54.01479,164.8486,133.74583,31.922112
2020-11-16,29.936859,6.6763721,144.22276,125.16068,52.650047,60.623169,164.80322,131.1432,32.131859
2020-11-17,34.960171,7.072341,160.30945,137.00467,57.671295,66.227554,191.55661,134.54634,32.62101
2020-11-18,36.124676,7.2454028,164.70103,137.6976,60.049969,67.677002,199.22484,134.07164,31.319254
2020-11-19,35.686092,7.4678802,164.7142,143.18503,61.29118,67.711761,199.90988,134.8904,31.431297
2020-11-20,35.632225,7.5098681,164.68826,139.66977,62.172775,67.079208,200.28777,136.16232,31.737656
2020-11-21,32.90649,7.3050237,157.16026,132.27786,60.872147,62.541897,189.93069,134.72101,31.075253
2020-11-22,29.021425,6.9779625,144.82466,120.59051,56.312881,56.60347,164.92017,128.5562,29.671944
2020-11-23,34.273911,7.2988257,159.45488,135.76387,58.611279,64.137276,191.46924,131.62782,31.464592
2020-11-24,35.51825,7.2328176,164.00923,146.11211,58.371483,66.73452,200.06619,134.95773,32.300571
2020-11-25,35.651821,7.271874,165.36195,146.44031,57.304321,67.304955,203.41801,138.45738,33.107265
2020-11-26,35.507435,7.1341591,164.8461,144.20938,55.082088,67.058701,203.16849,140.82262,33.060055
2020-11-27,34.499016,7.1270919,164.90825,149.54636,55.153286,66.898605,202.22986,144.04349,32.521492
2020-11-28,32.089241,6.625453,159.17032,138.14574,51.360779,64.329788,189.63278,139.44585,31.734133
2020-11-29,29.15683,5.968555,146.81453,115.66003,46.925529,58.149105,166.27452,132.27513,30.055681
2020-11-30,34.197502,6.1388006,161.76993,128.81808,50.806831,66.224754,191.04802,131.89795,30.355408
2020-12-01,34.721558,6.0892248,164.81319,132.44409,51.137211,68.500748,198.23895,126.00809,27.074343
2020-12-02,34.968559,6.067946,166.41377,135.85712,51.121471,69.28437,198.60385,126.03929,27.182543
2020-12-03,34.256187,6.0477281,166.10443,135.26227,51.057323,69.92807,199.71997,129.94754,29.713852
2020-12-04,35.178463,6.0227275,165.80411,137.05823,49.0756,71.020065,198.54552,131.98222,30.542681
2020-12-05,33.038738,5.8855767,158.19037,132.49617,47.31601,68.929588,187.20729,127.69192,30.177975
2020-12-06,29.924437,5.6132016,145.39526,120.14145,44.623379,63.062801,165.27632,122.88596,28.611156
2020-12-07,34.530209,5.8039646,162.68263,134.72783,48.434944,69.697037,190.92487,125.97266,28.597801
2020-12-08,35.636604,6.0134625,166.08052,138.42747,50.683949,71.90052,199.79022,127.02833,25.745749
2020-12-09,35.752377,6.1952128,166.97447,136.08971,51.30743,70.764336,197.90578,126.05899,25.051403
2020-12-10,35.592014,6.3874865,166.73164,135.1559,50.541447,71.456841,199.94757,129.11765,25.065907
2020-12-11,34.915035,6.2766337,166.12656,135.50691,50.370167,69.234642,197.27281,130.69916,25.854294
2020-12-12,32.581402,5.9649081,147.87805,129.14516,48.365303,64.713737,171.03041,125.85992,25.607132
2020-12-13,30.108749,5.5475531,144.56642,118.76911,45.282738,60.235847,161.17917,124.76521,27.54604
2020-12-14,34.617119,5.7898035,161.35429,133.14394,48.549915,69.112656,191.37302,133.53268,31.347521
2020-12-15,36.027393,5.7823262,165.89903,135.09549,48.449295,71.327171,201.01971,131.24051,31.342985
2020-12-16,36.379345,5.8100653,166.89497,135.55399,49.026093,71.547173,199.7973,130.41223,31.959633
2020-12-17,36.317955,5.7755909,163.54922,138.34048,48.697369,72.213112,200.01517,132.08458,30.935499
2020-12-18,35.502148,5.9532928,164.07532,137.60107,49.227489,71.178192,198.32703,132.20528,29.597717
2020-12-19,32.527863,5.8947158,154.75693,127.24287,48.235828,65.998688,187.80383,131.99202,28.60449
2020-12-20,29.894749,5.5886455,144.20869,114.09644,45.526154,62.087875,165.58018,126.75919,28.041386
2020-12-21,32.829781,5.8081446,156.14926,126.0864,48.119186,67.974625,186.51457,132.70358,29.92535
2020-12-22,33.740849,5.9427509,157.61546,131.72746,48.761345,69.739395,191.22728,134.64813,29.467985
2020-12-23,33.391335,5.9701943,154.98003,127.73856,48.97163,68.602356,188.8179,134.3298,30.046383
2020-12-24,29.163736,5.7685838,141.40755,106.6737,46.593918,62.504959,162.22179,120.81616,29.596708
2020-12-25,24.183922,5.1400237,117.70309,96.327934,39.934357,55.302822,130.38455,98.794823,23.138168
2020-12-26,27.340422,5.6461477,134.6436,106.23534,44.079655,59.223186,152.68216,115.63453,22.983011
2020-12-27,27.52474,5.6500506,133.92224,105.1034,43.765263,59.115257,151.28085,117.73314,22.669935
2020-12-28,30.553909,6.0203371,141.64702,111.59262,46.020439,62.156227,165.54359,122.25626,24.767788
2020-12-29,32.181213,6.0320363,146.38167,117.81767,47.284145,63.379494,173.81454,124.48316,26.316032
2020-12-30,31.509336,5.9029889,147.67291,117.94077,47.247456,66.58326,173.10863,124.34852,28.01856
2020-12-31,29.028177,5.6270747,134.06871,105.85513,45.020367,61.098446,155.11784,118.41722,29.81251
