Fecha,dia,mes,year,Punto 1,Punto 2,Punto 3,Punto 4,Punto 5,Punto 6,Punto 7,Punto 8,Punto 9,Punto 10,Punto 11,Punto 12,Punto 13,Punto 14,Punto 15,Punto 16,Punto 17,Total
2019-01-01,1,1,2019,0,0,0,0,0,0,0,0,0,0,10016,0,0,0,0,38032,0,50069
2019-01-02,2,1,2019,0,0,0,0,0,0,0,0,0,0,10000,0,0,0,0,38032,0,50054
2019-01-03,3,1,2019,0,0,0,0,0,0,0,0,334596,0,33200,0,0,0,0,0,0,369819
2019-01-04,4,1,2019,0,0,0,0,0,0,22032,0,420424,0,0,0,0,0,0,19504,0,463984
2019-01-05,5,1,2019,0,0,0,0,0,0,0,0,320722,0,10000,0,0,0,0,0,0,332747
2019-01-06,6,1,2019,0,0,0,0,0,0,0,0,217850,0,10000,0,0,0,0,0,0,229876
2019-01-07,7,1,2019,0,0,0,0,0,0,0,0,266502,0,33200,0,0,0,0,0,0,301729
2019-01-08,8,1,2019,0,0,0,0,0,0,0,0,414854,0,74794,0,0,0,0,0,0,491676
2019-01-09,9,1,2019,0,0,0,0,40000,0,110136,0,383810,0,33200,0,0,0,0,0,0,569175
2019-01-10,10,1,2019,0,0,0,0,0,0,0,0,402810,0,33200,0,0,0,0,0,0,438040
2019-01-11,11,1,2019,0,0,0,0,0,0,0,0,475992,0,38428,0,0,0,0,0,0,516451
2019-01-12,12,1,2019,19300,0,0,0,0,0,0,0,473536,0,33200,0,0,0,0,10700,0,538768
2019-01-13,13,1,2019,19300,0,0,0,0,0,0,0,473536,0,33200,0,0,0,0,46636,0,574705
2019-01-14,14,1,2019,0,0,0,0,18198,0,0,0,473536,0,33200,0,0,0,0,0,0,526968
2019-01-15,15,1,2019,13142,0,0,0,0,0,18080,0,450804,0,10000,0,0,0,0,0,5768,499829
2019-01-16,16,1,2019,32226,0,0,0,0,0,34494,0,454380,0,10000,0,0,0,0,30016,11374,574526
2019-01-17,17,1,2019,37794,0,0,9672,0,0,0,0,470630,0,10000,0,0,0,0,54210,7584,591927
2019-01-18,18,1,2019,0,0,0,0,0,0,0,0,479344,0,10000,0,0,0,0,0,0,491382
2019-01-19,19,1,2019,0,0,0,0,0,0,0,0,531154,0,10000,0,0,0,0,0,0,543193
2019-01-20,20,1,2019,0,0,0,0,0,0,0,0,555410,0,10000,0,0,0,0,0,0,567450
2019-01-21,21,1,2019,0,0,0,15678,18062,0,0,0,485098,0,10000,0,0,0,0,12800,0,543679
2019-01-22,22,1,2019,0,0,0,0,0,0,0,0,526318,0,10000,0,0,0,0,0,0,538360
2019-01-23,23,1,2019,0,62238,0,0,0,0,0,0,583818,0,10000,0,0,0,0,0,0,658099
2019-01-24,24,1,2019,0,0,0,0,0,0,0,0,511748,0,10000,0,0,0,0,0,0,523792
2019-01-25,25,1,2019,0,0,0,0,0,0,0,0,560670,0,10000,0,0,0,0,0,0,572715
2019-01-26,26,1,2019,0,0,0,0,0,0,0,0,549264,0,10000,0,0,0,0,0,0,561310
2019-01-27,27,1,2019,0,0,0,0,0,0,0,0,548826,0,10000,0,0,0,0,0,0,560873
2019-01-28,28,1,2019,34654,0,0,39804,0,0,0,0,549264,0,10000,0,0,0,0,0,11522,647292
2019-01-29,29,1,2019,0,0,0,15476,0,0,0,0,553252,0,10000,0,0,0,0,0,11014,591791
2019-01-30,30,1,2019,0,0,0,19344,0,0,0,0,549264,0,10000,0,0,0,0,0,10630,591288
2019-01-31,31,1,2019,0,0,0,38304,0,0,0,0,480382,0,10000,0,0,0,0,0,18336,549073
2019-02-01,1,2,2019,0,0,0,0,0,0,0,0,544062,0,0,0,158400,0,0,0,0,704484
2019-02-02,2,2,2019,0,0,0,47304,0,0,0,0,547264,0,0,0,138598,0,0,0,10382,745571
2019-02-03,3,2,2019,27020,0,0,0,17532,0,0,0,547264,0,0,0,10000,0,0,0,0,603840
2019-02-04,4,2,2019,31452,0,0,0,0,0,0,0,547266,0,0,0,138600,0,0,0,8462,727805
2019-02-05,5,2,2019,8664,0,0,0,0,0,0,0,547360,0,0,0,118602,0,0,0,0,676652
2019-02-06,6,2,2019,0,0,0,0,0,0,0,0,547266,0,0,0,118604,0,0,0,0,667897
2019-02-07,7,2,2019,0,0,0,50000,0,0,0,0,547460,0,0,0,135986,0,0,0,0,735474
2019-02-08,8,2,2019,0,0,0,0,0,0,0,0,547560,0,0,0,73054,0,0,0,0,622643
2019-02-09,9,2,2019,0,0,0,124996,0,0,0,0,507560,0,0,0,0,0,0,0,0,634586
2019-02-10,10,2,2019,0,0,0,60310,0,0,0,0,357210,0,0,0,0,0,0,0,0,419551
2019-02-11,11,2,2019,0,0,0,20904,0,0,0,0,547560,0,0,0,0,0,0,0,0,570496
2019-02-12,12,2,2019,0,0,0,0,0,0,0,0,547560,0,0,0,10000,0,0,0,0,559593
2019-02-13,13,2,2019,0,0,0,38786,0,0,0,0,547560,0,0,0,118404,0,0,5600,0,712384
2019-02-14,14,2,2019,0,0,0,19026,0,0,0,0,547562,0,0,0,118404,0,0,6800,0,693827
2019-02-15,15,2,2019,0,0,0,0,0,0,0,0,547560,0,0,0,118404,0,0,0,0,668000
2019-02-16,16,2,2019,0,0,0,30000,0,0,30832,0,547560,0,0,0,118404,0,0,0,0,728833
2019-02-17,17,2,2019,0,0,0,70000,0,0,0,0,547560,0,0,0,118404,0,0,0,0,738002
2019-02-18,18,2,2019,0,0,0,23400,0,0,18960,0,547560,0,0,0,118404,0,0,20800,0,731163
2019-02-19,19,2,2019,0,0,0,31074,0,0,21884,0,547560,0,0,0,118404,0,0,0,0,720962
2019-02-20,20,2,2019,0,0,0,0,0,0,0,0,547560,0,0,0,118404,0,0,0,0,668005
2019-02-21,21,2,2019,0,0,0,0,0,0,16742,0,547560,0,0,0,158204,0,0,0,0,724548
2019-02-22,22,2,2019,0,45482,0,0,0,0,0,0,547560,0,0,0,158204,0,0,0,0,753289
2019-02-23,23,2,2019,0,0,0,0,0,0,0,0,547560,0,0,0,106432,0,0,0,0,656036
2019-02-24,24,2,2019,0,0,0,0,0,0,0,0,547560,0,0,0,106432,0,0,0,0,656037
2019-02-25,25,2,2019,0,0,0,0,0,0,0,0,547560,0,0,0,106432,0,0,0,0,656038
2019-02-26,26,2,2019,0,0,0,0,0,0,0,0,547560,0,0,0,110224,0,0,0,0,659831
2019-02-27,27,2,2019,0,0,0,95764,0,0,0,0,547560,0,0,0,118404,0,0,0,0,763776
2019-02-28,28,2,2019,0,0,0,52064,5560,0,0,0,547560,0,0,0,118404,0,0,0,0,725637
2019-03-01,1,3,2019,0,0,0,0,0,0,0,0,558934,0,0,0,118404,0,0,0,0,679361
2019-03-02,2,3,2019,0,0,0,0,0,0,0,0,431630,0,0,0,118404,0,0,0,0,552058
2019-03-03,3,3,2019,0,0,0,0,0,0,0,0,558934,0,0,0,118404,0,0,0,0,679363
2019-03-04,4,3,2019,0,0,0,0,0,0,0,0,558934,0,0,0,118404,0,0,0,0,679364
2019-03-05,5,3,2019,0,0,0,0,0,0,0,0,558934,0,0,0,118404,0,0,0,0,679365
2019-03-06,6,3,2019,0,0,0,0,0,0,0,0,513522,0,0,0,163702,0,0,0,0,679252
2019-03-07,7,3,2019,0,0,0,0,0,0,0,0,558934,0,0,0,118404,0,0,0,0,679367
2019-03-08,8,3,2019,0,0,0,0,0,0,0,0,558934,0,0,0,118404,0,0,0,0,679368
2019-03-09,9,3,2019,0,0,9600,30836,20000,0,0,0,558934,0,0,0,118404,0,0,0,0,739805
2019-03-10,10,3,2019,74244,0,24748,0,26000,0,48742,0,558934,0,0,0,118404,0,0,29550,0,882654
2019-03-11,11,3,2019,32000,0,0,0,0,0,0,0,558934,0,0,0,118404,0,0,0,0,711371
2019-03-12,12,3,2019,0,0,0,0,0,0,0,0,558934,0,0,0,118404,0,0,0,0,679372
2019-03-13,13,3,2019,0,0,0,0,0,0,0,0,558934,0,0,0,118404,0,0,0,0,679373
2019-03-14,14,3,2019,0,0,0,0,0,0,0,0,558934,0,0,0,118404,0,0,0,0,679374
2019-03-15,15,3,2019,0,0,0,0,0,0,0,0,558934,0,0,0,118404,0,0,0,0,679375
2019-03-16,16,3,2019,34782,0,0,0,21984,0,0,0,558934,0,0,0,118404,0,0,33990,0,770132
2019-03-17,17,3,2019,0,0,0,22648,27622,0,0,0,558934,0,0,0,118404,0,0,0,0,729647
2019-03-18,18,3,2019,0,0,0,0,0,0,0,0,558934,0,0,0,118404,0,0,0,0,679378
2019-03-19,19,3,2019,0,0,0,0,21000,0,0,0,558934,0,0,0,118404,0,0,0,0,700379
2019-03-20,20,3,2019,0,0,9576,0,0,0,0,0,558934,0,0,0,118404,0,0,0,0,688956
2019-03-21,21,3,2019,146162,0,46422,0,0,0,63032,0,558934,0,0,0,108404,0,0,0,0,924997
2019-03-22,22,3,2019,0,0,0,0,0,0,0,0,558934,0,0,0,118404,0,0,0,0,679382
2019-03-23,23,3,2019,0,0,0,20000,0,0,0,0,558934,0,0,0,118402,0,0,0,0,699381
2019-03-24,24,3,2019,0,0,0,0,0,0,0,0,558934,0,0,0,118404,0,0,0,0,679384
2019-03-25,25,3,2019,60000,0,20000,0,40000,0,0,0,558934,0,0,0,118404,0,0,20000,0,819385
2019-03-26,26,3,2019,0,0,0,0,0,0,0,0,558934,0,0,0,118404,0,0,0,0,679386
2019-03-27,27,3,2019,0,0,0,0,0,0,0,0,558934,0,0,0,118402,0,0,0,0,679385
2019-03-28,28,3,2019,0,0,0,0,0,0,0,0,558934,0,0,0,118404,0,0,0,0,679388
2019-03-29,29,3,2019,0,0,0,0,0,0,0,0,558934,0,0,0,116334,0,0,0,0,677319
2019-03-30,30,3,2019,0,0,0,0,0,0,0,0,558934,0,0,0,116336,0,0,0,0,677322
2019-03-31,31,3,2019,0,0,0,0,0,0,0,0,558934,0,0,0,116336,0,0,0,0,677323
2019-04-01,1,4,2019,0,0,0,0,0,0,0,0,0,0,0,0,0,0,0,0,0,2024
2019-04-02,2,4,2019,0,0,0,0,0,0,0,0,0,0,0,0,0,0,0,0,0,2025
2019-04-03,3,4,2019,0,0,0,0,0,0,0,0,0,0,0,0,0,0,0,0,0,2026
2019-04-04,4,4,2019,0,0,0,0,0,0,0,0,0,0,0,0,0,0,0,0,0,2027
2019-04-05,5,4,2019,0,0,0,33200,0,0,0,0,0,0,0,0,0,0,0,0,0,35228
2019-04-06,6,4,2019,34400,0,0,0,0,0,0,0,0,0,0,0,0,0,0,0,0,36429
2019-04-07,7,4,2019,0,0,0,0,0,0,0,0,0,0,0,0,0,0,0,0,0,2030
2019-04-08,8,4,2019,0,0,0,0,0,0,0,0,0,0,0,0,0,0,0,0,0,2031
2019-04-09,9,4,2019,0,0,0,24000,0,0,56876,0,0,0,0,0,0,0,0,0,0,82908
2019-04-10,10,4,2019,0,0,0,17000,0,0,0,0,0,0,0,0,0,0,0,0,0,19033
2019-04-11,11,4,2019,0,0,0,98600,8000,0,0,0,0,0,0,0,0,0,0,0,0,108634
2019-04-12,12,4,2019,0,0,0,0,0,0,0,0,0,0,0,0,0,0,0,0,0,2035
2019-04-13,13,4,2019,0,0,0,0,0,0,0,0,0,0,0,0,0,0,0,0,0,2036
2019-04-14,14,4,2019,0,0,0,0,0,0,0,0,0,0,0,0,0,0,0,0,0,2037
2019-04-15,15,4,2019,12006,0,61454,30000,0,0,0,0,0,0,0,0,0,0,0,0,0,105498
2019-04-16,16,4,2019,12738,0,0,0,0,0,0,0,0,0,0,0,0,0,0,0,0,14777
2019-04-17,17,4,2019,0,0,0,0,24000,0,0,0,0,0,0,0,0,0,0,0,0,26040
2019-04-18,18,4,2019,0,0,0,68000,0,0,0,0,0,0,0,0,0,0,0,0,0,70041
2019-04-19,19,4,2019,0,0,0,0,0,0,0,0,0,0,0,0,0,0,0,0,0,2042
2019-04-20,20,4,2019,0,0,0,102000,0,0,50230,0,0,0,0,0,0,0,0,0,0,154273
2019-04-21,21,4,2019,0,0,0,105000,0,0,0,0,0,0,0,0,0,0,0,12500,0,119544
2019-04-22,22,4,2019,0,0,0,0,0,0,0,0,0,0,0,0,0,0,0,0,0,2045
2019-04-23,23,4,2019,0,0,0,0,0,0,0,0,0,0,0,0,0,0,0,0,0,2046
2019-04-24,24,4,2019,0,0,0,0,0,0,0,0,0,0,0,0,0,0,0,0,0,2047
2019-04-25,25,4,2019,0,0,0,0,0,0,0,0,0,0,0,0,0,0,0,0,0,2048
2019-04-26,26,4,2019,0,0,0,0,0,0,0,0,0,0,0,0,0,0,0,0,0,2049
2019-04-27,27,4,2019,0,0,20000,0,0,0,2220,0,0,0,0,0,0,0,0,0,0,24270
2019-04-28,28,4,2019,0,31054,0,99868,0,0,40000,0,0,0,0,0,0,0,0,0,0,172973
2019-04-29,29,4,2019,0,0,0,0,0,0,0,0,0,0,0,0,0,0,0,0,0,2052
2019-04-30,30,4,2019,0,0,0,0,0,0,0,0,0,0,0,0,0,0,0,0,0,2053
2019-05-01,1,5,2019,0,0,0,0,0,0,0,0,0,0,0,0,0,0,0,0,0,2025
2019-05-02,2,5,2019,0,0,0,0,0,0,0,0,0,0,0,0,0,0,0,0,0,2026
2019-05-03,3,5,2019,0,0,0,0,0,0,117580,0,0,0,0,0,0,0,0,0,0,119607
2019-05-04,4,5,2019,0,0,0,0,0,0,0,0,0,0,0,0,0,0,0,0,0,2028
2019-05-05,5,5,2019,0,0,0,0,0,0,0,0,0,0,0,0,0,0,0,0,0,2029
2019-05-06,6,5,2019,0,0,0,0,0,0,24568,0,0,0,0,0,0,0,0,0,0,26598
2019-05-07,7,5,2019,106030,0,0,22000,0,0,0,0,0,0,0,0,0,0,0,0,0,130061
2019-05-08,8,5,2019,116126,0,0,0,0,0,0,0,0,0,0,0,0,0,0,0,0,118158
2019-05-09,9,5,2019,0,0,0,38000,0,0,0,0,0,0,0,0,0,0,0,0,0,40033
2019-05-10,10,5,2019,85304,0,0,0,0,0,0,0,0,0,0,0,0,0,0,0,0,87338
2019-05-11,11,5,2019,84782,0,23002,0,0,0,0,0,0,0,0,0,0,0,0,20000,0,129819
2019-05-12,12,5,2019,0,0,0,0,0,0,0,0,0,0,0,0,0,0,0,0,0,2036
2019-05-13,13,5,2019,0,0,0,0,0,0,0,0,0,0,0,0,0,0,0,0,0,2037
2019-05-14,14,5,2019,0,0,0,0,0,0,0,0,0,0,0,0,0,0,0,0,0,2038
2019-05-15,15,5,2019,0,0,0,0,0,0,0,0,0,0,0,0,0,0,0,0,0,2039
2019-05-16,16,5,2019,0,0,0,0,0,0,0,0,0,0,0,0,0,0,0,0,0,2040
2019-05-17,17,5,2019,0,0,0,0,0,0,0,0,0,0,0,0,0,0,0,0,0,2041
2019-05-18,18,5,2019,71532,0,0,120924,0,0,0,0,0,0,0,0,0,0,0,0,0,194498
2019-05-19,19,5,2019,0,0,50000,10000,0,0,0,0,0,0,0,0,0,0,0,0,0,62043
2019-05-20,20,5,2019,0,0,0,0,0,0,0,0,0,0,0,0,0,0,0,0,0,2044
2019-05-21,21,5,2019,0,0,0,0,0,0,0,0,0,0,0,0,0,0,0,0,0,2045
2019-05-22,22,5,2019,0,0,0,0,0,0,0,0,0,0,0,0,0,0,0,0,0,2046
2019-05-23,23,5,2019,0,0,0,0,0,0,0,0,0,0,0,0,0,0,0,0,0,2047
2019-05-24,24,5,2019,0,0,0,0,0,0,0,0,0,0,0,0,0,0,0,0,0,2048
2019-05-25,25,5,2019,0,0,0,0,0,0,0,0,0,0,0,0,0,0,0,0,0,2049
2019-05-26,26,5,2019,48830,0,29200,0,0,0,0,0,0,0,0,0,0,0,0,0,0,80080
2019-05-27,27,5,2019,0,0,0,0,0,0,0,0,0,0,0,0,0,0,0,0,0,2051
2019-05-28,28,5,2019,64000,0,0,0,0,0,0,0,0,0,0,0,0,0,0,0,0,66052
2019-05-29,29,5,2019,0,0,0,0,0,0,0,0,0,0,0,0,0,0,0,0,0,2053
2019-05-30,30,5,2019,0,0,0,0,0,0,0,0,0,0,0,0,0,0,0,0,0,2054
2019-05-31,31,5,2019,0,0,0,0,0,0,0,0,0,0,0,0,0,0,0,0,0,2055
2019-06-01,1,6,2019,0,0,0,0,0,0,0,0,0,0,0,0,0,0,0,0,0,2026
2019-06-02,2,6,2019,0,0,0,0,0,0,0,0,0,0,0,0,0,0,0,0,0,2027
2019-06-03,3,6,2019,0,0,0,0,0,0,0,0,0,0,0,0,0,0,0,0,0,2028
2019-06-04,4,6,2019,0,0,0,0,0,0,0,0,0,0,0,0,0,0,0,0,0,2029
2019-06-05,5,6,2019,0,0,0,0,0,0,0,0,0,0,0,0,0,0,0,0,0,2030
2019-06-06,6,6,2019,0,0,0,0,0,0,0,0,0,0,0,0,0,0,0,0,0,2031
2019-06-07,7,6,2019,0,0,0,0,0,0,0,0,0,0,0,0,0,0,0,0,0,2032
2019-06-08,8,6,2019,0,0,0,0,0,0,85000,0,0,0,0,0,0,0,0,0,0,87033
2019-06-09,9,6,2019,0,0,0,0,0,0,110070,0,0,0,0,0,0,0,0,0,0,112104
2019-06-10,10,6,2019,0,0,0,0,0,0,0,0,0,0,0,0,0,0,0,0,0,2035
2019-06-11,11,6,2019,0,0,0,0,0,0,0,0,0,0,0,0,0,0,0,0,0,2036
2019-06-12,12,6,2019,0,0,0,0,0,0,79800,0,0,0,0,0,0,0,0,0,0,81837
2019-06-13,13,6,2019,0,0,0,0,0,0,0,0,0,0,0,120776,0,0,0,0,0,122814
2019-06-14,14,6,2019,0,0,0,0,0,0,0,0,0,0,0,198382,0,0,0,0,0,200421
2019-06-15,15,6,2019,2,0,0,0,0,0,0,0,0,0,0,303316,0,0,0,0,0,305358
2019-06-16,16,6,2019,67004,0,0,0,0,0,0,0,0,0,0,284480,0,0,0,0,0,353525
2019-06-17,17,6,2019,0,0,0,0,0,0,0,0,0,0,0,289668,56660,0,0,0,0,348370
2019-06-18,18,6,2019,0,0,0,0,0,0,0,0,0,0,0,285118,0,0,0,0,0,287161
2019-06-19,19,6,2019,0,0,0,0,0,0,0,0,0,0,0,725282,0,0,0,0,0,727326
2019-06-20,20,6,2019,0,0,0,0,0,0,0,0,0,0,0,202820,0,0,0,0,0,204865
2019-06-21,21,6,2019,0,0,0,0,0,0,0,0,0,0,0,86378,0,0,0,0,0,88424
2019-06-22,22,6,2019,0,0,0,0,0,0,0,0,0,0,0,227476,0,0,0,0,0,229523
2019-06-23,23,6,2019,0,0,0,0,0,0,0,0,60152,0,0,741936,60000,0,0,0,0,864136
2019-06-24,24,6,2019,0,0,0,0,0,0,0,0,0,0,0,0,0,0,0,0,0,2049
2019-06-25,25,6,2019,0,0,0,0,0,0,0,0,0,0,0,0,368,0,0,0,0,2418
2019-06-26,26,6,2019,0,0,0,0,0,0,0,0,0,0,0,0,49850,0,0,0,0,51901
2019-06-27,27,6,2019,0,0,0,0,0,0,0,0,0,0,0,0,0,0,0,0,0,2052
2019-06-28,28,6,2019,0,0,0,0,0,0,0,0,0,0,0,0,8998,0,0,0,0,11051
2019-06-29,29,6,2019,0,0,0,10000,0,0,50000,0,0,0,0,0,29850,0,0,0,0,91904
2019-06-30,30,6,2019,0,0,0,40000,0,0,70000,0,0,0,0,0,29850,0,0,17552,0,159457
2019-07-01,1,7,2019,22748,0,0,0,25000,0,0,0,0,0,0,208520,0,0,0,0,0,258295
2019-07-02,2,7,2019,28434,0,0,0,0,0,0,0,0,0,0,208524,0,0,0,0,0,238986
2019-07-03,3,7,2019,0,0,0,0,0,0,0,0,0,0,0,208580,0,0,0,0,0,210609
2019-07-04,4,7,2019,0,0,0,0,0,0,0,0,0,0,0,0,0,0,0,0,0,2030
2019-07-05,5,7,2019,0,0,0,58000,0,0,60000,0,0,0,0,0,0,0,0,0,0,120031
2019-07-06,6,7,2019,0,0,0,0,0,0,0,0,0,0,0,0,0,0,0,0,0,2032
2019-07-07,7,7,2019,0,0,0,0,0,0,0,0,0,0,0,0,0,0,0,0,0,2033
2019-07-08,8,7,2019,0,0,0,0,0,0,0,0,0,0,0,0,0,0,0,0,0,2034
2019-07-09,9,7,2019,0,0,0,40000,0,0,0,0,0,0,0,0,0,0,0,0,0,42035
2019-07-10,10,7,2019,0,0,0,80000,0,0,0,0,0,0,0,0,0,0,0,0,0,82036
2019-07-11,11,7,2019,0,0,0,0,0,0,0,0,0,0,0,0,0,0,0,0,0,2037
2019-07-12,12,7,2019,0,0,0,160000,0,0,0,0,0,0,0,0,0,0,0,0,0,162038
2019-07-13,13,7,2019,0,0,0,148168,35638,0,0,0,0,0,0,0,0,0,0,0,0,185845
2019-07-14,14,7,2019,0,0,0,0,148168,0,0,0,0,0,0,0,0,0,0,0,0,150208
2019-07-15,15,7,2019,0,0,0,158168,0,0,0,0,0,0,0,0,0,0,0,0,0,160209
2019-07-16,16,7,2019,0,0,0,0,0,0,0,0,0,0,0,0,0,0,0,0,0,2042
2019-07-17,17,7,2019,0,0,0,0,0,0,0,0,0,0,0,0,0,0,0,0,0,2043
2019-07-18,18,7,2019,0,0,0,136000,0,0,0,0,0,0,0,0,0,0,0,0,0,138044
2019-07-19,19,7,2019,0,0,0,5800,0,0,0,0,0,0,0,0,0,0,0,0,0,7845
2019-07-20,20,7,2019,0,0,0,0,0,0,28898,0,0,0,0,0,0,0,0,0,0,30944
2019-07-21,21,7,2019,0,0,0,0,0,0,52000,0,0,0,0,0,0,0,0,0,0,54047
2019-07-22,22,7,2019,32000,0,0,0,0,0,0,0,0,0,0,0,0,0,0,0,0,34048
2019-07-23,23,7,2019,0,0,0,0,0,0,37916,0,0,0,0,0,0,0,0,0,0,39965
2019-07-24,24,7,2019,0,0,0,0,0,0,0,0,0,0,0,0,0,0,0,0,0,2050
2019-07-25,25,7,2019,0,0,0,0,0,0,0,0,0,0,0,0,0,0,0,0,0,2051
2019-07-26,26,7,2019,0,0,0,0,138000,0,0,0,0,0,0,0,0,0,0,0,0,140052
2019-07-27,27,7,2019,0,0,0,0,0,0,0,0,0,0,0,0,0,0,0,0,0,2053
2019-07-28,28,7,2019,0,0,0,0,0,0,0,0,0,0,0,0,0,0,0,0,0,2054
2019-07-29,29,7,2019,0,0,0,0,0,0,0,0,0,0,0,0,0,0,0,0,0,2055
2019-07-30,30,7,2019,0,0,0,0,107348,0,0,0,0,0,0,0,0,0,0,0,0,109404
2019-07-31,31,7,2019,0,0,0,0,0,0,0,0,0,0,0,0,0,0,0,0,0,2057
2019-08-01,1,8,2019,0,0,0,0,0,0,0,0,0,0,0,0,0,0,0,0,0,2028
2019-08-02,2,8,2019,0,0,0,0,0,0,0,0,18000,0,0,0,0,0,0,0,0,20029
2019-08-03,3,8,2019,0,0,0,0,0,0,0,0,18000,0,0,0,0,0,0,0,0,20030
2019-08-04,4,8,2019,0,0,0,0,0,0,0,0,18000,0,0,0,0,0,0,0,0,20031
2019-08-05,5,8,2019,0,0,0,0,0,0,0,0,18000,0,0,0,0,0,0,0,0,20032
2019-08-06,6,8,2019,0,0,0,0,0,0,0,0,0,0,0,0,0,0,0,0,0,2033
2019-08-07,7,8,2019,0,0,0,0,0,0,0,0,0,0,0,0,0,0,0,0,0,2034
2019-08-08,8,8,2019,0,0,0,0,0,0,0,0,18000,0,0,0,0,0,0,0,0,20035
2019-08-09,9,8,2019,0,0,0,0,0,0,0,0,0,0,0,0,0,0,0,0,0,2036
2019-08-10,10,8,2019,0,0,0,0,0,0,0,0,0,0,0,0,0,0,0,0,0,2037
2019-08-11,11,8,2019,0,0,0,0,0,0,0,0,0,0,0,0,0,0,0,0,0,2038
2019-08-12,12,8,2019,45354,0,0,0,0,0,0,0,0,0,0,0,0,0,0,0,0,47393
2019-08-13,13,8,2019,0,0,0,0,0,0,0,0,18000,0,0,0,0,0,0,0,0,20040
2019-08-14,14,8,2019,0,0,0,0,0,0,0,0,0,0,0,0,0,0,0,0,0,2041
2019-08-15,15,8,2019,0,0,0,0,0,0,0,0,0,0,0,0,0,0,0,0,0,2042
2019-08-16,16,8,2019,0,0,0,0,0,0,0,0,0,0,0,0,56272,0,0,0,0,58315
2019-08-17,17,8,2019,0,0,0,0,0,0,0,0,0,0,0,0,16412,0,0,0,0,18456
2019-08-18,18,8,2019,0,0,0,0,0,0,0,0,0,0,0,0,16412,0,0,0,0,18457
2019-08-19,19,8,2019,0,0,0,10000,0,0,0,0,0,0,0,0,16412,0,0,0,0,28458
2019-08-20,20,8,2019,0,0,0,0,0,0,0,0,0,0,0,0,86194,0,0,0,0,88241
2019-08-21,21,8,2019,0,0,0,86236,0,0,0,0,0,0,0,0,82272,0,0,0,0,170556
2019-08-22,22,8,2019,0,0,0,0,0,0,0,0,0,0,0,0,48376,0,0,0,0,50425
2019-08-23,23,8,2019,0,0,0,0,0,0,0,0,0,0,0,0,24830,0,0,0,0,26880
2019-08-24,24,8,2019,0,0,30000,96000,0,0,49456,0,0,0,0,0,49426,0,0,0,0,226933
2019-08-25,25,8,2019,0,0,0,0,0,0,0,0,0,0,0,0,49426,0,0,0,0,51478
2019-08-26,26,8,2019,0,0,0,0,0,0,0,0,0,0,0,0,29102,0,0,0,0,31155
2019-08-27,27,8,2019,0,0,51188,0,0,0,0,0,4018,0,0,0,84404,0,0,0,0,141664
2019-08-28,28,8,2019,0,0,0,0,0,0,0,0,0,0,0,0,95868,0,0,0,0,97923
2019-08-29,29,8,2019,0,0,0,0,0,0,0,0,0,0,0,0,53220,0,0,0,0,55276
2019-08-30,30,8,2019,0,0,0,0,0,0,0,0,0,0,0,0,90088,0,0,0,0,92145
2019-08-31,31,8,2019,0,0,0,0,0,0,0,0,0,0,0,0,86168,0,0,0,0,88226
2019-09-01,1,9,2019,0,34210,0,168034,36016,0,0,0,0,0,0,0,46692,0,0,0,0,286981
2019-09-02,2,9,2019,0,6210,18956,189832,36016,0,45196,0,0,0,0,0,46690,0,0,0,0,344930
2019-09-03,3,9,2019,0,0,27540,134104,0,0,65208,0,0,0,0,157060,0,0,0,0,0,385943
2019-09-04,4,9,2019,0,0,0,0,0,0,0,0,0,0,0,155888,0,0,0,0,0,157920
2019-09-05,5,9,2019,0,0,29236,0,0,0,0,0,0,0,0,136256,0,0,0,0,0,167525
2019-09-06,6,9,2019,0,0,0,0,0,0,50026,0,0,0,0,100000,0,0,0,0,0,152060
2019-09-07,7,9,2019,0,0,11260,0,0,0,0,0,0,0,0,100000,0,0,0,0,0,113295
2019-09-08,8,9,2019,0,0,0,0,0,0,0,0,0,0,0,100000,0,0,0,0,0,102036
2019-09-09,9,9,2019,0,0,0,8334,0,0,0,0,0,0,0,100000,0,0,0,0,0,110371
2019-09-10,10,9,2019,0,0,0,0,0,0,11926,0,0,0,0,0,0,0,0,0,0,13964
2019-09-11,11,9,2019,0,0,0,0,0,0,40000,0,0,0,0,0,0,0,0,0,0,42039
2019-09-12,12,9,2019,0,0,0,0,0,0,10000,0,0,0,0,0,0,0,0,0,0,12040
2019-09-13,13,9,2019,0,0,0,0,0,0,40000,0,0,0,0,0,0,0,0,0,0,42041
2019-09-14,14,9,2019,0,0,6072,4604,0,0,9478,0,0,0,0,0,12378,0,0,0,0,34574
2019-09-15,15,9,2019,101280,0,18956,39932,0,0,0,0,0,0,0,0,12378,0,0,0,0,174589
2019-09-16,16,9,2019,0,0,37912,35596,0,0,0,0,541916,0,0,0,12378,0,0,16492,0,646338
2019-09-17,17,9,2019,0,0,3468,0,56868,0,0,0,0,0,0,1208764,0,0,0,0,0,1271145
2019-09-18,18,9,2019,0,0,0,54000,0,0,0,0,10204,0,0,1262784,10000,0,0,0,0,1339034
2019-09-19,19,9,2019,0,0,0,217080,26538,0,0,0,0,0,0,1034284,14000,0,0,0,0,1293949
2019-09-20,20,9,2019,0,0,0,0,0,0,0,0,0,0,0,1058924,0,0,0,0,0,1060972
2019-09-21,21,9,2019,0,0,0,175852,0,0,15166,0,0,0,0,965446,0,0,0,0,0,1158513
2019-09-22,22,9,2019,49286,0,9772,197200,0,0,55740,0,0,0,0,1720248,0,0,0,0,0,2034296
2019-09-23,23,9,2019,0,0,0,240330,0,0,47390,0,0,0,0,965446,0,0,0,0,0,1255217
2019-09-24,24,9,2019,0,0,0,28070,31930,0,0,0,2,0,0,1072468,0,0,0,0,0,1134522
2019-09-25,25,9,2019,0,0,0,0,46000,0,0,0,0,0,0,1134264,0,0,0,0,0,1182317
2019-09-26,26,9,2019,64000,47234,0,0,0,0,0,0,13296,0,0,1096580,52378,0,0,0,0,1275542
2019-09-27,27,9,2019,0,0,0,0,20000,0,0,0,0,0,0,1017746,52378,0,0,0,0,1092179
2019-09-28,28,9,2019,30000,0,0,0,0,0,0,0,0,0,0,1199066,41984,0,0,0,0,1273106
2019-09-29,29,9,2019,108050,0,7950,0,0,0,0,0,0,0,0,1199064,57694,0,0,0,0,1374815
2019-09-30,30,9,2019,0,0,60000,0,0,0,0,0,0,0,0,1199064,42688,0,0,0,0,1303810
2019-10-01,1,10,2019,0,2,0,0,0,0,0,0,1307724,0,0,1461918,604020,0,0,0,0,3375694
2019-10-02,2,10,2019,0,2,0,0,0,0,0,0,1248626,0,0,1407194,581220,0,0,0,0,3239073
2019-10-03,3,10,2019,0,2,0,183224,0,0,0,0,1058898,0,0,1445350,649242,0,0,0,0,3338748
2019-10-04,4,10,2019,0,20000,0,0,0,0,0,0,1175896,0,0,1440000,776244,0,0,0,0,3414173
2019-10-05,5,10,2019,0,18568,0,105546,0,0,0,0,1023178,0,0,1319138,673682,0,0,0,0,3142146
2019-10-06,6,10,2019,0,0,0,122094,19004,0,0,0,1023178,0,0,1319138,696100,0,0,0,0,3181549
2019-10-07,7,10,2019,0,57000,0,0,0,0,0,0,1023178,0,0,1319138,683610,0,0,0,0,3084962
2019-10-08,8,10,2019,0,74274,0,0,0,0,0,0,1176526,0,0,1306112,674066,0,0,0,0,3233015
2019-10-09,9,10,2019,0,49294,0,0,0,0,0,0,1153332,0,0,1231596,697162,0,0,0,0,3133422
2019-10-10,10,10,2019,0,40000,0,0,0,0,0,0,1160650,0,0,1248984,694430,0,0,0,0,3146103
2019-10-11,11,10,2019,0,0,0,0,0,0,0,0,955146,0,0,1263412,696974,0,0,0,0,2917572
2019-10-12,12,10,2019,0,7058,0,0,0,0,0,0,1023178,0,0,1161920,694430,0,0,0,0,2888627
2019-10-13,13,10,2019,0,33528,0,0,0,0,0,0,1023178,0,0,1161918,691918,0,0,0,0,2912584
2019-10-14,14,10,2019,0,34000,0,0,0,0,0,0,1023178,0,0,1161918,694432,0,0,0,0,2915571
2019-10-15,15,10,2019,0,0,0,0,0,0,0,0,1049496,0,0,1307630,693292,0,0,0,0,3052462
2019-10-16,16,10,2019,0,0,0,0,0,0,0,0,1043178,0,0,1334200,662358,0,0,0,0,3041781
2019-10-17,17,10,2019,6200,0,0,306000,0,0,119186,0,1042118,0,0,1321684,654268,0,0,0,0,3451502
2019-10-18,18,10,2019,70000,76438,0,170000,0,0,18000,0,1023176,0,0,1320000,658058,0,0,0,0,3337719
2019-10-19,19,10,2019,28432,30000,10664,256552,0,0,32000,0,1142604,0,0,1260000,547230,0,0,0,0,3309530
2019-10-20,20,10,2019,0,0,0,130000,50000,0,10000,0,1142604,0,0,1260000,547230,0,0,0,0,3141883
2019-10-21,21,10,2019,0,0,0,104000,0,0,68800,0,1029130,0,0,1260000,581192,0,0,0,0,3045172
2019-10-22,22,10,2019,28000,0,0,0,0,0,30000,0,1123178,0,0,1300000,686514,0,0,0,0,3169743
2019-10-23,23,10,2019,0,0,0,0,0,0,244000,0,1039718,0,0,1367064,675688,0,0,0,0,3328522
2019-10-24,24,10,2019,0,0,0,80000,0,0,60000,0,1103178,0,0,1340000,683612,0,0,0,0,3268843
2019-10-25,25,10,2019,0,30000,0,106000,0,0,0,0,929422,0,0,1341426,632412,0,0,44000,0,3085314
2019-10-26,26,10,2019,0,0,0,0,0,0,0,0,1003178,0,0,1320000,657940,0,0,0,0,2983173
2019-10-27,27,10,2019,0,2,0,180000,0,0,0,0,1003178,0,0,1320000,660698,0,0,0,0,3165934
2019-10-28,28,10,2019,0,0,0,50000,0,0,100000,0,1003178,0,0,1320000,660700,0,0,0,0,3135935
2019-10-29,29,10,2019,62000,27776,0,0,0,0,0,0,360422,0,0,1348360,622404,0,0,0,0,2423020
2019-10-30,30,10,2019,0,65304,0,47000,0,0,0,0,1012368,0,0,1345000,561420,0,0,0,0,3033151
2019-10-31,31,10,2019,0,24000,0,0,0,0,0,0,1074850,0,0,1291430,553780,0,0,0,0,2946120
2019-11-01,1,11,2019,0,0,0,0,0,0,0,0,849482,0,0,1118538,452518,0,0,0,0,2422569
2019-11-02,2,11,2019,0,0,0,30000,0,0,0,0,1000000,0,0,1482028,517570,0,0,0,0,3031630
2019-11-03,3,11,2019,21494,0,0,80000,30000,0,0,0,1000000,0,0,1486712,517570,0,0,0,0,3137809
2019-11-04,4,11,2019,20000,0,0,80000,62600,0,0,0,992646,0,0,1480728,527106,0,0,0,0,3165114
2019-11-05,5,11,2019,0,0,0,0,0,0,0,0,919004,0,0,1460000,560466,0,0,0,0,2941505
2019-11-06,6,11,2019,0,0,0,0,30000,0,20000,0,879004,0,0,1468466,551264,0,0,0,0,2950770
2019-11-07,7,11,2019,57692,0,0,60000,20000,0,8000,0,879006,0,0,1462206,555076,0,0,0,0,3044017
2019-11-08,8,11,2019,26200,0,0,0,0,0,0,0,879004,0,0,1500000,552446,0,0,0,0,2959688
2019-11-09,9,11,2019,28606,0,0,40000,40000,0,38000,0,847938,0,0,1423108,665444,0,0,0,0,3085135
2019-11-10,10,11,2019,0,0,0,40000,20000,0,0,0,968934,0,0,1500000,584956,0,0,0,0,3115930
2019-11-11,11,11,2019,0,0,0,0,0,0,0,0,968934,0,0,1500000,587392,0,0,0,0,3058367
2019-11-12,12,11,2019,14708,0,7642,80000,0,0,118138,0,1100000,0,0,1433998,660164,0,0,0,12312,3429004
2019-11-13,13,11,2019,0,0,0,20000,8000,0,38000,0,1296146,0,0,1560000,658992,0,0,0,0,3583181
2019-11-14,14,11,2019,0,0,0,0,0,0,40000,0,1180000,0,0,1700000,616106,0,0,0,0,3538150
2019-11-15,15,11,2019,2200,0,0,50000,0,0,0,0,1200000,0,0,1690000,608476,0,0,0,0,3552721
2019-11-16,16,11,2019,0,0,0,0,20000,0,0,0,1200000,0,0,1500000,588134,0,0,0,0,3310180
2019-11-17,17,11,2019,0,0,0,0,0,0,0,0,1200000,0,0,1500000,588134,0,0,0,0,3290181
2019-11-18,18,11,2019,70000,0,0,0,0,0,0,0,1215778,0,0,1500000,588132,0,0,0,0,3375958
2019-11-19,19,11,2019,50000,0,0,53628,10000,0,0,0,1199066,0,0,1500000,553168,0,0,0,12816,3380727
2019-11-20,20,11,2019,0,0,0,128000,0,0,0,0,1180000,0,0,1500000,539820,0,0,0,38900,3388770
2019-11-21,21,11,2019,0,19238,0,60000,68600,0,59938,0,1100000,0,0,1400000,536004,0,0,0,2166,3247997
2019-11-22,22,11,2019,0,0,0,0,0,0,0,0,1100000,0,0,1400000,554274,0,0,0,0,3056326
2019-11-23,23,11,2019,0,0,0,30000,0,0,0,0,1000000,0,0,1500000,552536,0,0,0,0,3084589
2019-11-24,24,11,2019,0,0,0,0,0,0,50000,0,1000000,0,0,1500000,552536,0,0,17000,0,3121590
2019-11-25,25,11,2019,0,0,0,38000,0,0,0,0,999998,0,0,1500000,552536,0,0,0,0,3092589
2019-11-26,26,11,2019,0,0,0,92000,65034,0,0,0,1030000,0,0,1500000,534092,0,0,0,0,3223182
2019-11-27,27,11,2019,0,0,0,80000,83960,0,0,0,1050000,0,0,1554000,556030,0,0,0,0,3326047
2019-11-28,28,11,2019,0,0,0,20000,80000,0,70000,0,1050000,0,0,1554000,540772,0,0,0,0,3316830
2019-11-29,29,11,2019,0,0,0,20000,40000,0,30000,0,1050000,0,0,1554000,514072,0,0,0,0,3210131
2019-11-30,30,11,2019,89764,0,0,50000,50000,0,0,0,889106,0,0,1554000,574438,0,0,0,28734,3238102
2019-12-01,1,12,2019,0,0,0,84000,60000,0,76200,0,1068000,0,0,1355178,586770,0,0,0,32470,3264650
2019-12-02,2,12,2019,0,0,0,62600,80000,0,60000,0,1068000,0,0,1355178,586672,0,0,0,0,3214483
2019-12-03,3,12,2019,0,0,0,0,0,0,0,0,998000,0,0,1445178,590580,0,0,0,0,3035792
2019-12-04,4,12,2019,0,0,0,0,0,0,0,0,0,0,0,1303634,590580,0,0,0,43824,1940073
2019-12-05,5,12,2019,60818,0,0,40000,33638,0,0,0,1138000,0,0,1445178,600108,0,0,0,0,3319778
2019-12-06,6,12,2019,0,0,0,0,30000,0,60000,0,0,0,0,0,0,0,0,0,0,92037
2019-12-07,7,12,2019,0,0,0,0,0,0,26000,0,0,0,0,0,0,0,0,0,0,28038
2019-12-08,8,12,2019,0,0,0,0,0,0,5000,0,0,0,0,0,0,0,0,0,57900,64939
2019-12-09,9,12,2019,0,0,0,0,80000,0,30000,0,0,0,0,0,0,0,0,0,53710,165750
2019-12-10,10,12,2019,0,0,0,20000,20000,0,34000,0,0,0,0,0,0,0,0,36000,51656,163697
2019-12-11,11,12,2019,0,0,0,0,0,0,0,0,0,0,0,0,0,0,0,0,0,2042
2019-12-12,12,12,2019,50000,0,12000,0,80000,0,0,0,0,0,0,0,0,0,0,0,39784,183827
2019-12-13,13,12,2019,0,0,0,0,60000,0,0,0,0,0,0,0,0,0,0,0,34846,96890
2019-12-14,14,12,2019,0,0,0,0,30000,0,40000,0,0,0,0,0,0,0,0,0,16000,88045
2019-12-15,15,12,2019,0,0,0,0,0,0,0,0,0,0,0,0,0,0,0,0,16000,18046
2019-12-16,16,12,2019,0,0,0,0,20000,0,0,0,0,0,0,0,0,0,0,0,16000,38047
2019-12-17,17,12,2019,0,0,0,0,0,0,30000,0,0,0,0,0,0,0,0,30000,5992,68040
2019-12-18,18,12,2019,0,0,0,0,50000,0,0,0,0,0,0,0,0,0,0,0,15768,67817
2019-12-19,19,12,2019,0,0,0,0,40000,0,0,0,0,0,0,0,0,0,0,0,16000,58050
2019-12-20,20,12,2019,0,0,0,0,30000,0,0,0,0,0,0,0,0,0,0,8000,16000,56051
2019-12-21,21,12,2019,0,0,0,4000,30000,0,0,0,0,0,0,0,0,0,0,0,16000,52052
2019-12-22,22,12,2019,0,0,0,0,30000,0,0,0,0,0,0,0,0,0,0,20000,16000,68053
2019-12-23,23,12,2019,0,0,0,0,60000,0,0,0,0,0,0,0,0,0,0,0,16000,78054
2019-12-24,24,12,2019,0,0,0,0,300000,0,0,0,0,0,0,0,0,0,0,0,16000,318055
2019-12-25,25,12,2019,0,0,0,0,20000,0,0,0,0,0,0,0,0,0,0,0,16000,38056
2019-12-26,26,12,2019,0,0,0,0,30000,0,8000,0,0,0,0,0,0,0,0,0,16000,56057
2019-12-27,27,12,2019,0,0,0,0,0,0,0,0,0,0,0,0,0,0,0,0,16000,18058
2019-12-28,28,12,2019,0,0,0,0,0,0,40000,0,0,0,0,0,0,0,0,0,16000,58059
2019-12-29,29,12,2019,0,0,0,0,0,0,39904,0,0,0,0,0,0,0,0,30000,16000,87964
2019-12-30,30,12,2019,0,0,0,60000,111400,0,30000,0,0,0,0,0,0,0,0,0,16000,219461
2019-12-31,31,12,2019,0,0,0,0,40000,0,35000,0,0,0,0,0,0,0,0,0,15984,93046
2020-01-01,1,1,2020,0,0,0,0,98084,0,70000,0,0,0,0,0,0,0,0,0,16000,186106
2020-01-02,2,1,2020,0,0,0,0,0,0,50000,0,0,0,0,120000,40000,0,0,0,16000,228023
2020-01-03,3,1,2020,0,0,0,0,35400,0,0,0,0,0,0,0,0,0,0,0,16000,53424
2020-01-04,4,1,2020,0,0,0,0,60000,0,0,0,0,0,0,0,0,0,0,0,16000,78025
2020-01-05,5,1,2020,0,0,0,0,0,0,20000,0,0,0,0,0,0,0,0,0,12392,34418
2020-01-06,6,1,2020,0,0,0,47200,0,0,7800,0,0,0,0,78594,0,0,0,0,16000,151621
2020-01-07,7,1,2020,0,0,0,33200,25600,0,0,0,0,0,0,0,0,0,0,0,20944,81772
2020-01-08,8,1,2020,0,0,0,100400,20000,0,50000,0,0,0,0,0,0,0,0,64000,16000,252429
2020-01-09,9,1,2020,0,0,25000,0,74000,0,0,0,0,0,0,0,0,0,0,0,4886,105916
2020-01-10,10,1,2020,39006,0,0,0,0,0,0,0,0,0,0,0,0,0,0,0,49336,90373
2020-01-11,11,1,2020,0,0,0,0,0,0,0,0,0,0,0,0,0,0,0,0,41142,43174
2020-01-12,12,1,2020,0,0,0,0,40000,0,0,0,0,0,0,0,0,0,0,0,27882,69915
2020-01-13,13,1,2020,0,0,0,114000,10000,0,46000,0,0,0,0,0,0,0,0,0,24982,197016
2020-01-14,14,1,2020,0,0,0,0,0,0,68000,0,0,0,0,0,80332,0,0,0,16000,166367
2020-01-15,15,1,2020,0,0,0,9914,80000,0,0,0,0,0,0,138332,0,0,0,20000,15794,266076
2020-01-16,16,1,2020,0,0,0,30000,0,0,0,0,0,0,0,0,0,0,0,0,14998,47035
2020-01-17,17,1,2020,28030,0,0,56000,0,0,0,0,0,0,0,0,0,10000,0,0,33430,129498
2020-01-18,18,1,2020,0,0,0,0,40000,0,63998,0,0,0,0,0,0,100000,0,0,16000,222037
2020-01-19,19,1,2020,16000,0,0,0,20000,0,116000,0,0,0,0,0,0,100000,0,0,25666,279706
2020-01-20,20,1,2020,20000,0,0,67200,80000,0,0,0,0,0,0,0,0,20000,0,0,16000,205241
2020-01-21,21,1,2020,11878,0,0,148122,20000,0,9998,0,0,0,0,0,28550,10000,0,0,15362,245952
2020-01-22,22,1,2020,20000,0,0,0,0,0,40000,0,0,0,0,0,0,20000,0,0,16000,98043
2020-01-23,23,1,2020,0,0,0,70000,0,0,0,0,0,0,0,0,0,0,0,0,24666,96710
2020-01-24,24,1,2020,22000,0,0,60000,0,0,0,0,0,0,0,0,0,0,0,0,16000,100045
2020-01-25,25,1,2020,10000,0,0,120000,40000,0,0,0,0,0,0,0,0,0,0,36000,16000,224046
2020-01-26,26,1,2020,0,0,0,100000,50000,0,0,0,0,0,0,0,0,0,0,60000,16000,228047
2020-01-27,27,1,2020,20000,0,0,46000,160000,0,0,0,0,0,0,0,0,0,0,0,16000,244048
2020-01-28,28,1,2020,22000,0,0,28000,0,18000,0,0,0,0,0,0,0,0,0,0,16000,86049
2020-01-29,29,1,2020,0,0,0,0,30000,0,9998,0,0,0,0,0,0,0,0,0,19218,61266
2020-01-30,30,1,2020,0,0,0,0,20242,0,0,0,0,0,0,0,0,0,0,0,45382,67675
2020-01-31,31,1,2020,0,60000,0,0,38602,0,0,0,0,0,0,0,0,0,0,0,24348,125002
2020-02-01,1,2,2020,0,0,0,57400,8600,0,0,0,0,0,0,0,0,0,0,0,0,68023
2020-02-02,2,2,2020,19000,0,0,50400,190000,0,0,0,0,0,0,0,0,0,0,22600,0,284024
2020-02-03,3,2,2020,0,0,0,106000,120000,0,0,0,0,0,0,0,0,0,0,31500,0,259525
2020-02-04,4,2,2020,0,0,0,54000,0,0,0,0,0,0,0,0,0,0,0,0,0,56026
2020-02-05,5,2,2020,0,0,0,50000,110000,0,0,0,0,0,0,0,0,0,0,0,0,162027
2020-02-06,6,2,2020,0,0,0,0,101800,0,39994,0,0,0,0,0,0,0,0,0,0,143822
2020-02-07,7,2,2020,0,0,0,0,0,0,20000,0,0,0,0,0,0,0,0,40000,0,62029
2020-02-08,8,2,2020,0,0,0,180000,0,0,20000,0,0,0,0,0,0,0,0,40000,0,242030
2020-02-09,9,2,2020,0,0,0,188000,0,0,28000,0,0,0,0,0,0,0,0,94000,0,312031
2020-02-10,10,2,2020,0,0,0,46000,60000,0,80000,0,0,0,0,141172,0,0,0,94000,0,423204
2020-02-11,11,2,2020,0,0,0,14000,66000,0,0,0,0,0,0,0,29850,0,0,0,0,111883
2020-02-12,12,2,2020,0,0,0,15000,100000,0,0,0,0,0,0,98956,0,0,0,18000,0,233990
2020-02-13,13,2,2020,0,0,0,0,0,0,0,0,0,0,0,170000,0,0,0,0,0,172035
2020-02-14,14,2,2020,0,0,0,40000,20000,0,0,0,8370,0,0,214000,0,0,0,0,0,284406
2020-02-15,15,2,2020,0,0,0,0,80000,0,0,0,0,0,0,0,0,0,0,84000,0,166037
2020-02-16,16,2,2020,0,0,0,0,220000,0,0,0,0,0,0,0,0,0,0,0,0,222038
2020-02-17,17,2,2020,0,0,0,0,70000,0,18000,0,0,0,0,0,0,0,0,0,0,90039
2020-02-18,18,2,2020,0,0,0,53000,74000,0,0,0,0,0,0,0,0,0,0,0,0,129040
2020-02-19,19,2,2020,0,0,0,0,0,0,0,0,0,0,0,0,0,0,0,0,0,2041
2020-02-20,20,2,2020,20000,0,0,20000,0,0,0,0,0,0,0,0,0,0,0,0,0,42042
2020-02-21,21,2,2020,0,0,0,0,100000,0,30000,0,0,0,0,0,47538,0,0,0,0,179581
2020-02-22,22,2,2020,0,0,0,0,50000,0,40000,0,0,0,0,0,0,0,0,38000,0,130044
2020-02-23,23,2,2020,0,0,0,0,0,0,30000,0,0,0,0,0,0,0,0,0,0,32045
2020-02-24,24,2,2020,0,0,0,0,72000,0,0,0,0,0,0,0,0,0,0,0,0,74046
2020-02-25,25,2,2020,0,0,0,54000,190000,0,79600,0,0,0,0,0,0,0,0,0,0,325647
2020-02-26,26,2,2020,0,0,0,0,40000,0,21432,0,0,0,0,0,0,0,0,0,0,63480
2020-02-27,27,2,2020,0,0,0,0,0,0,12000,0,0,0,0,0,0,0,0,0,0,14049
2020-02-28,28,2,2020,7000,0,0,0,0,0,0,0,0,0,0,0,0,0,0,0,0,9050
2020-02-29,29,2,2020,0,0,0,90000,52000,0,0,0,0,0,0,0,0,0,0,0,0,144051
2020-03-01,1,3,2020,0,0,0,96000,80000,0,0,0,0,0,0,0,0,0,0,0,0,178024
2020-03-02,2,3,2020,0,0,0,0,0,0,45846,0,0,0,0,0,0,0,0,0,0,47871
2020-03-03,3,3,2020,0,0,0,0,0,0,41708,0,0,0,0,0,28486,0,0,0,0,72220
2020-03-04,4,3,2020,0,0,0,33000,0,0,0,0,0,0,0,0,0,0,0,0,0,35027
2020-03-05,5,3,2020,50000,0,0,0,0,0,0,0,105886,0,0,0,0,0,0,0,0,157914
2020-03-06,6,3,2020,0,0,0,0,32000,0,0,0,0,0,0,0,0,0,0,0,0,34029
2020-03-07,7,3,2020,0,0,0,0,30000,0,0,0,0,0,0,0,0,0,0,0,0,32030
2020-03-08,8,3,2020,0,0,0,0,39000,0,0,0,0,0,0,0,0,0,0,0,0,41031
2020-03-09,9,3,2020,0,0,0,0,40000,0,0,0,0,0,0,0,0,0,0,0,0,42032
2020-03-10,10,3,2020,0,0,0,51400,0,0,0,0,212438,0,0,0,0,0,0,0,0,265871
2020-03-11,11,3,2020,0,0,0,0,0,0,0,0,0,0,0,0,0,0,0,0,0,2034
2020-03-12,12,3,2020,0,0,0,0,58000,0,0,0,0,0,0,0,0,0,0,0,0,60035
2020-03-13,13,3,2020,10000,0,0,40000,10000,0,0,0,67692,0,0,0,0,0,0,34000,0,163728
2020-03-14,14,3,2020,0,0,0,22000,56200,0,0,0,0,0,0,0,0,0,0,0,0,80237
2020-03-15,15,3,2020,0,0,0,46000,55400,0,0,0,0,0,0,0,0,0,0,0,0,103438
2020-03-16,16,3,2020,0,0,0,0,0,0,0,0,0,0,0,0,0,0,0,0,0,2039
2020-03-17,17,3,2020,0,0,0,111000,0,0,0,0,0,0,0,0,0,0,0,0,0,113040
2020-03-18,18,3,2020,0,0,0,124000,0,0,0,0,0,0,0,0,0,0,0,0,0,126041
2020-03-19,19,3,2020,0,0,0,160000,44000,0,20000,0,0,0,0,0,0,0,0,0,0,226042
2020-03-20,20,3,2020,0,0,0,80000,0,0,0,0,0,0,0,0,126840,0,0,0,0,208883
2020-03-21,21,3,2020,0,0,0,50000,0,50000,0,0,0,0,0,0,45510,0,0,0,0,147554
2020-03-22,22,3,2020,16000,0,46000,80000,30000,0,0,0,0,0,0,0,0,0,0,0,0,174045
2020-03-23,23,3,2020,6000,0,0,0,0,0,20000,0,0,0,0,0,0,0,0,0,0,28046
2020-03-24,24,3,2020,0,0,35000,59500,24000,0,0,0,0,0,0,66346,0,0,0,0,4000,190893
2020-03-25,25,3,2020,0,0,0,46000,14000,0,14124,0,0,0,0,0,49872,0,0,0,0,126044
2020-03-26,26,3,2020,0,0,0,0,0,0,22000,6000,0,0,0,0,0,0,0,0,0,30049
2020-03-27,27,3,2020,0,0,0,0,0,0,0,0,0,0,0,0,33798,0,0,0,0,35848
2020-03-28,28,3,2020,14000,0,0,116000,0,0,0,0,0,0,0,0,40810,0,0,0,0,172861
2020-03-29,29,3,2020,0,0,0,86000,0,0,0,0,0,0,0,0,74000,0,0,0,0,162052
2020-03-30,30,3,2020,0,0,0,68000,0,0,53366,0,0,0,0,0,137396,0,0,0,0,260815
2020-03-31,31,3,2020,0,0,0,130000,0,0,952,0,0,0,0,0,0,0,0,0,0,133006
2020-04-01,1,4,2020,0,0,0,56000,24000,0,59998,0,89154,0,0,0,0,0,0,0,20000,251177
2020-04-02,2,4,2020,0,0,0,60000,24000,0,20000,0,0,0,0,47930,0,0,0,0,0,153956
2020-04-03,3,4,2020,0,0,0,0,10000,0,20000,0,0,0,0,0,0,0,0,0,0,32027
2020-04-04,4,4,2020,0,0,0,0,0,0,0,0,0,0,0,0,0,0,0,16000,0,18028
2020-04-05,5,4,2020,0,0,0,110000,10000,0,24000,0,0,0,0,0,0,0,0,30000,0,176029
2020-04-06,6,4,2020,0,0,0,0,50000,0,0,0,0,0,0,0,0,0,0,0,0,52030
2020-04-07,7,4,2020,0,0,0,0,0,0,0,0,0,0,0,0,0,0,0,0,0,2031
2020-04-08,8,4,2020,0,0,0,38000,0,0,0,0,0,0,0,0,0,0,0,0,0,40032
2020-04-09,9,4,2020,0,0,0,60000,0,0,26200,0,0,0,0,0,67610,0,0,0,0,155843
2020-04-10,10,4,2020,0,0,0,0,0,0,37000,0,0,0,0,0,0,0,0,0,0,39034
2020-04-11,11,4,2020,0,0,0,18000,0,0,40000,0,0,0,0,0,0,0,0,0,0,60035
2020-04-12,12,4,2020,0,12698,0,0,0,0,45000,0,0,0,0,0,0,0,0,0,0,59734
2020-04-13,13,4,2020,0,0,0,63800,0,0,0,0,0,0,0,0,14926,0,0,0,0,80763
2020-04-14,14,4,2020,0,0,0,153000,0,0,0,0,0,0,0,0,0,0,0,0,0,155038
2020-04-15,15,4,2020,0,0,0,0,60000,0,0,0,0,0,0,0,0,0,0,0,0,62039
2020-04-16,16,4,2020,0,0,0,40000,30000,0,0,0,0,0,0,0,0,0,0,0,0,72040
2020-04-17,17,4,2020,0,0,0,0,0,0,0,0,0,0,0,0,0,0,0,0,0,2041
2020-04-18,18,4,2020,0,0,0,110000,0,0,0,0,0,0,0,0,0,0,0,0,0,112042
2020-04-19,19,4,2020,0,0,0,0,30000,0,0,0,0,0,0,0,0,0,0,0,0,32043
2020-04-20,20,4,2020,0,0,0,13000,40000,0,0,0,0,0,0,0,80142,0,0,0,0,135186
2020-04-21,21,4,2020,0,0,0,14000,20000,0,0,0,10000,0,0,207476,0,0,0,0,0,253521
2020-04-22,22,4,2020,0,0,0,20000,130000,0,16002,0,0,0,0,0,0,0,0,0,0,168048
2020-04-23,23,4,2020,0,0,0,0,10000,0,0,0,179180,0,0,0,20000,0,0,0,0,211227
2020-04-24,24,4,2020,0,0,0,0,52000,0,0,0,78168,0,0,0,90000,0,0,0,0,222216
2020-04-25,25,4,2020,0,0,0,140400,40000,0,0,0,0,0,0,0,0,0,0,0,0,182449
2020-04-26,26,4,2020,0,0,0,122000,50000,0,0,0,0,0,0,0,0,0,0,0,0,174050
2020-04-27,27,4,2020,0,0,0,0,54000,0,14000,0,0,0,0,0,40000,0,0,0,0,110051
2020-04-28,28,4,2020,0,0,0,40000,100000,0,38000,0,0,0,0,0,0,0,0,0,0,180052
2020-04-29,29,4,2020,0,0,0,160000,0,0,0,0,0,0,0,0,0,0,0,0,0,162053
2020-04-30,30,4,2020,0,0,0,188000,0,0,0,0,0,0,0,0,0,0,0,0,0,190054
2020-05-01,1,5,2020,0,0,0,140000,0,0,0,0,0,0,0,0,0,0,0,0,0,142026
2020-05-02,2,5,2020,0,0,0,76000,0,0,0,0,0,0,0,0,0,0,0,0,0,78027
2020-05-03,3,5,2020,0,0,0,128000,0,0,40000,0,0,0,0,0,0,0,0,0,0,170028
2020-05-04,4,5,2020,0,0,0,120000,10000,0,0,0,0,0,0,0,0,0,0,0,0,132029
2020-05-05,5,5,2020,0,0,0,48000,94000,0,0,0,0,0,0,86384,0,0,0,0,0,230414
2020-05-06,6,5,2020,0,0,0,146800,40000,0,0,0,0,0,0,160002,0,0,0,0,0,348833
2020-05-07,7,5,2020,0,0,0,160000,0,0,30000,0,0,0,0,104552,0,0,0,0,0,296584
2020-05-08,8,5,2020,0,0,0,40000,0,0,0,0,0,0,0,0,0,0,0,0,0,42033
2020-05-09,9,5,2020,0,0,0,50000,0,0,20000,0,0,0,0,0,0,0,0,0,0,72034
2020-05-10,10,5,2020,0,0,0,0,0,0,35000,0,0,0,0,0,0,0,0,0,0,37035
2020-05-11,11,5,2020,0,0,0,0,0,0,40000,0,0,0,0,0,0,0,0,0,0,42036
2020-05-12,12,5,2020,0,0,0,20000,30000,0,10000,0,0,0,0,0,0,0,0,0,0,62037
2020-05-13,13,5,2020,0,0,0,0,40000,0,0,0,0,0,0,0,0,0,0,0,0,42038
2020-05-14,14,5,2020,0,0,0,0,0,0,0,0,0,0,0,0,0,0,0,0,0,2039
2020-05-15,15,5,2020,0,0,0,0,24000,0,0,0,0,0,0,0,0,0,0,0,0,26040
2020-05-16,16,5,2020,0,0,0,0,0,0,0,0,0,0,0,250136,47462,0,0,0,26886,326525
2020-05-17,17,5,2020,0,0,0,0,60000,0,0,0,0,0,0,200000,66446,0,0,0,0,328488
2020-05-18,18,5,2020,0,0,0,0,27000,0,0,0,94702,0,0,121654,200306,0,0,0,0,445705
2020-05-19,19,5,2020,0,0,0,0,0,0,0,0,102396,0,0,147740,0,0,0,0,0,252180
2020-05-20,20,5,2020,0,0,0,0,0,0,0,0,155822,0,0,28512,106450,0,0,0,0,292829
2020-05-21,21,5,2020,0,0,0,0,0,0,0,0,0,0,0,272940,89900,0,0,0,0,364886
2020-05-22,22,5,2020,0,0,0,0,0,0,0,0,86234,0,0,0,10000,0,0,0,0,98281
2020-05-23,23,5,2020,0,0,0,180000,0,0,0,0,210738,0,0,0,0,0,0,0,0,392786
2020-05-24,24,5,2020,0,0,0,126000,0,0,0,0,210738,0,0,0,0,0,0,0,0,338787
2020-05-25,25,5,2020,0,0,0,280000,0,0,8000,0,210738,0,0,0,0,0,0,0,0,500788
2020-05-26,26,5,2020,0,0,0,344000,190000,0,0,0,210738,0,0,0,0,0,0,0,0,746789
2020-05-27,27,5,2020,0,0,0,90000,0,0,0,0,0,0,0,0,0,0,0,16000,0,108052
2020-05-28,28,5,2020,0,0,0,38000,0,0,0,0,0,0,0,0,0,0,0,0,0,40053
2020-05-29,29,5,2020,0,0,0,52000,0,0,0,0,16626,0,0,101728,0,0,0,0,0,172408
2020-05-30,30,5,2020,0,0,0,0,0,0,0,0,16626,0,0,37980,0,0,0,0,0,56661
2020-05-31,31,5,2020,0,0,0,0,0,0,0,0,16626,0,0,0,0,0,0,0,0,18682
2020-06-01,1,6,2020,0,0,0,0,14000,0,0,0,185734,0,0,0,0,0,0,0,0,201761
2020-06-02,2,6,2020,0,0,0,80000,106000,0,0,0,25708,0,0,0,132874,0,0,0,0,346610
2020-06-03,3,6,2020,0,0,0,0,62000,0,0,0,160000,0,0,120306,11062,0,0,0,0,355397
2020-06-04,4,6,2020,0,0,0,0,0,0,0,0,186744,0,0,224772,0,0,0,0,0,413546
2020-06-05,5,6,2020,0,0,0,0,0,0,0,0,186714,0,0,178484,0,0,0,0,0,367229
2020-06-06,6,6,2020,0,0,0,0,28000,0,0,0,277546,0,0,182104,0,0,0,0,0,489682
2020-06-07,7,6,2020,0,0,0,0,0,0,0,0,202076,0,0,133640,0,0,0,0,0,337749
2020-06-08,8,6,2020,0,0,0,0,0,0,0,0,289656,0,0,252228,59998,0,0,0,0,603916
2020-06-09,9,6,2020,0,0,0,80000,110000,0,0,0,267246,0,0,234050,109118,0,0,0,0,802449
2020-06-10,10,6,2020,0,0,0,101400,2000,0,0,0,423606,0,0,290556,238010,0,0,0,0,1057608
2020-06-11,11,6,2020,0,0,0,0,0,0,0,0,381554,0,0,215702,232314,0,0,0,0,831607
2020-06-12,12,6,2020,0,0,0,0,0,0,0,0,168872,0,0,413876,82922,0,0,0,0,667708
2020-06-13,13,6,2020,0,0,0,0,0,0,0,0,53390,0,0,0,20000,0,0,0,0,75429
2020-06-14,14,6,2020,0,0,0,0,0,0,0,0,53390,0,0,0,20000,0,0,0,0,75430
2020-06-15,15,6,2020,0,0,0,0,0,0,0,0,53390,0,0,0,20000,0,0,0,0,75431
2020-06-16,16,6,2020,0,0,0,0,0,0,0,0,20976,0,0,0,133918,0,0,0,0,156936
2020-06-17,17,6,2020,0,0,0,0,0,0,10000,0,100692,0,0,0,20000,0,0,0,0,132735
2020-06-18,18,6,2020,0,0,0,0,0,0,0,0,258000,0,0,0,32664,0,0,0,0,292708
2020-06-19,19,6,2020,0,0,0,97000,0,0,18000,0,23682,0,0,18530,0,0,0,0,0,159257
2020-06-20,20,6,2020,0,0,0,80000,0,0,0,0,203886,0,0,0,41270,0,0,0,0,327202
2020-06-21,21,6,2020,0,0,0,0,0,0,0,0,203886,0,0,0,20000,0,0,0,0,225933
2020-06-22,22,6,2020,0,0,0,0,0,0,0,0,203886,0,0,0,20000,0,0,0,0,225934
2020-06-23,23,6,2020,0,0,0,91384,0,0,20000,0,101062,0,0,137548,37194,0,0,0,0,389237
2020-06-24,24,6,2020,0,0,0,60000,0,0,10000,0,218898,0,0,0,54680,0,0,0,0,345628
2020-06-25,25,6,2020,0,0,16000,0,0,0,0,0,236256,0,0,105280,70000,0,0,0,0,429587
2020-06-26,26,6,2020,0,0,0,0,0,0,0,0,228564,0,0,0,66292,0,0,0,0,296908
2020-06-27,27,6,2020,0,0,0,0,0,0,0,0,12024,0,0,0,0,0,0,0,0,14077
2020-06-28,28,6,2020,0,0,0,0,0,0,0,0,12024,0,0,0,0,0,0,0,0,14078
2020-06-29,29,6,2020,0,0,0,0,0,0,0,0,12024,0,0,0,0,0,0,0,0,14079
2020-06-30,30,6,2020,0,0,0,30000,0,0,40000,0,141594,0,0,0,20000,0,0,0,0,233650
2020-07-01,1,7,2020,0,0,0,0,0,0,4400,0,0,0,0,0,0,0,0,0,0,6428
2020-07-02,2,7,2020,0,0,0,0,0,0,0,0,0,0,0,0,0,0,0,0,0,2029
2020-07-03,3,7,2020,0,0,0,66000,10000,0,50000,0,0,0,0,0,0,0,0,0,26000,154030
2020-07-04,4,7,2020,0,0,0,0,0,0,72000,0,0,0,0,0,0,0,0,0,0,74031
2020-07-05,5,7,2020,0,0,0,0,0,0,120000,0,0,0,0,0,0,0,0,0,0,122032
2020-07-06,6,7,2020,0,0,0,0,0,0,126000,0,0,0,0,0,0,0,0,0,0,128033
2020-07-07,7,7,2020,0,0,0,0,0,0,0,0,0,0,0,0,0,0,0,0,0,2034
2020-07-08,8,7,2020,0,0,0,40000,0,0,0,0,0,0,0,0,0,0,0,0,0,42035
2020-07-09,9,7,2020,0,0,0,0,0,0,0,0,0,0,0,0,0,0,0,0,0,2036
2020-07-10,10,7,2020,0,0,0,30000,0,0,0,0,44862,0,0,0,0,0,0,0,0,76899
2020-07-11,11,7,2020,0,0,0,0,104338,0,0,0,16000,0,0,107330,66414,0,0,0,0,296120
2020-07-12,12,7,2020,0,0,0,0,0,0,0,0,0,0,0,0,0,0,0,0,0,2039
2020-07-13,13,7,2020,0,0,0,0,0,0,0,0,34142,0,0,0,75904,0,0,0,0,112086
2020-07-14,14,7,2020,0,0,0,80000,0,0,0,0,0,0,0,45248,0,0,0,0,0,127289
2020-07-15,15,7,2020,0,0,0,438200,0,0,0,0,0,0,0,0,0,0,0,0,0,440242
2020-07-16,16,7,2020,0,0,0,50000,0,0,0,0,0,0,0,0,0,0,0,0,0,52043
2020-07-17,17,7,2020,0,0,0,0,0,0,0,0,0,0,0,0,0,0,0,0,0,2044
2020-07-18,18,7,2020,0,0,0,80000,0,0,0,0,0,0,0,0,0,0,0,0,0,82045
2020-07-19,19,7,2020,0,0,0,20000,0,0,0,0,0,0,0,0,0,0,0,0,0,22046
2020-07-20,20,7,2020,0,0,0,204000,0,0,0,0,0,0,0,0,0,0,0,0,0,206047
2020-07-21,21,7,2020,0,0,0,80000,0,0,0,0,0,0,0,100298,80084,0,0,0,0,262430
2020-07-22,22,7,2020,0,0,0,28000,0,0,0,0,0,0,0,3956,0,0,0,0,0,34005
2020-07-23,23,7,2020,0,0,0,0,0,0,70000,0,11130,0,0,71052,140146,0,0,0,0,294378
2020-07-24,24,7,2020,0,0,0,0,0,0,60000,0,0,0,0,56244,37952,0,0,0,0,156247
2020-07-25,25,7,2020,0,0,0,0,0,0,0,0,0,0,0,74940,0,0,0,0,0,76992
2020-07-26,26,7,2020,0,0,0,0,0,0,0,0,0,0,0,0,0,0,0,0,0,2053
2020-07-27,27,7,2020,0,0,0,0,0,0,0,0,0,0,0,21438,0,0,0,0,0,23492
2020-07-28,28,7,2020,0,0,0,0,0,0,10000,0,0,0,0,97516,0,0,0,0,0,109571
2020-07-29,29,7,2020,0,0,0,0,51600,0,0,0,0,0,0,6330,0,0,0,0,0,59986
2020-07-30,30,7,2020,0,0,0,0,0,0,0,0,0,0,0,0,66416,0,0,0,0,68473
2020-07-31,31,7,2020,0,0,0,0,0,0,20000,0,0,0,0,0,0,0,0,0,0,22058
2020-08-01,1,8,2020,143806,113420,24508,292452,489810,0,335730,0,0,0,0,0,0,0,0,297000,43988,1742743
2020-08-02,2,8,2020,142650,113420,24318,378612,466736,0,301602,0,0,0,0,0,0,0,0,297000,43988,1770356
2020-08-03,3,8,2020,143808,113420,0,475364,529408,0,340156,0,0,0,0,0,5692,0,0,297000,69136,1976015
2020-08-04,4,8,2020,131460,113420,3540,562072,512146,0,365246,0,0,0,0,0,0,0,0,336600,64190,2090706
2020-08-05,5,8,2020,142096,113420,25806,588808,456716,0,335948,0,0,0,0,0,0,0,0,394020,45254,2104101
2020-08-06,6,8,2020,144442,113420,0,520472,547818,0,348716,0,0,0,0,0,0,0,0,425700,67222,2169824
2020-08-07,7,8,2020,142542,113420,21216,579240,434714,0,378494,0,65760,0,0,0,140110,0,0,415800,45254,2338585
2020-08-08,8,8,2020,142542,112860,11574,490406,454450,0,306188,0,0,0,0,0,206078,0,0,356400,43662,2126196
2020-08-09,9,8,2020,140642,113420,18412,489790,455120,0,314380,0,0,0,0,0,0,0,0,356400,47154,1937355
2020-08-10,10,8,2020,142542,113420,20176,489790,458282,0,330300,0,64460,0,0,0,0,0,0,356400,36720,2014128
2020-08-11,11,8,2020,146342,113420,30360,431790,563008,0,369092,0,0,0,0,106476,0,0,0,297000,41454,2100981
2020-08-12,12,8,2020,144442,113420,25600,512618,513330,0,372468,0,0,0,0,16230,0,0,0,396000,43352,2139500
2020-08-13,13,8,2020,146342,113420,33444,541706,504756,0,431844,0,0,0,0,0,37288,0,0,396000,41454,2248295
2020-08-14,14,8,2020,130988,113420,16000,580612,445884,0,368458,0,0,0,0,0,12600,0,0,386100,61778,2117882
2020-08-15,15,8,2020,142046,113420,25272,546174,522740,0,381990,0,0,0,0,0,0,0,0,297000,45748,2076433
2020-08-16,16,8,2020,141908,113420,25170,479118,525332,0,365442,0,0,0,0,0,0,0,0,297000,45888,1995322
2020-08-17,17,8,2020,141150,113420,18656,603088,513942,0,377878,0,0,0,0,0,0,0,0,297000,49728,2116907
2020-08-18,18,8,2020,146298,113420,33444,522318,423544,0,401286,0,0,0,0,0,0,0,0,419760,51338,2113454
2020-08-19,19,8,2020,142542,113420,26290,603156,591464,0,380846,0,11052,0,0,0,30000,0,0,247500,45254,2193571
2020-08-20,20,8,2020,146342,113420,33444,559102,602600,0,388642,0,0,0,0,69754,100078,0,0,243540,41454,2300424
2020-08-21,21,8,2020,144442,147968,28900,578814,468926,0,373972,0,90520,0,0,245170,20000,0,0,396000,43128,2539889
2020-08-22,22,8,2020,141274,113420,29016,567344,456734,0,366524,0,59850,0,0,0,60000,0,0,366300,46522,2209034
2020-08-23,23,8,2020,141274,113420,29016,567344,456734,0,366488,0,59850,0,0,0,0,0,0,366300,46522,2148999
2020-08-24,24,8,2020,141274,113420,29016,670344,456734,0,386268,0,59850,0,0,61850,60046,0,0,366300,46522,2393676
2020-08-25,25,8,2020,140642,156356,29016,728890,494834,0,388642,0,15562,0,0,0,49134,0,0,435600,46522,2487251
2020-08-26,26,8,2020,140642,156360,29664,709970,495766,0,397446,0,0,0,0,0,0,0,0,435600,47154,2414656
2020-08-27,27,8,2020,140642,156356,29664,693944,494942,0,398122,0,0,0,0,110230,56000,0,0,429462,47154,2558571
2020-08-28,28,8,2020,140642,113420,29664,691986,515990,0,359122,0,0,0,0,0,18970,0,0,425502,47154,2344506
2020-08-29,29,8,2020,136840,113420,20742,674328,510702,0,261618,0,0,0,0,68242,0,0,0,423720,50956,2262625
2020-08-30,30,8,2020,136840,113420,20910,649484,443546,0,261624,0,0,0,0,68242,0,0,0,423720,50956,2170800
2020-08-31,31,8,2020,136840,113420,20742,712928,416102,0,261702,0,0,0,0,68242,0,0,0,423720,50956,2206711
2020-09-01,1,9,2020,0,0,0,0,0,0,0,0,0,0,0,0,0,0,0,0,0,2030
2020-09-02,2,9,2020,0,0,0,0,0,0,0,0,100000,0,0,305212,0,0,0,0,0,407243
2020-09-03,3,9,2020,0,0,0,0,0,0,0,0,0,0,0,286140,77414,0,0,0,0,365586
2020-09-04,4,9,2020,0,0,0,0,0,0,0,0,0,0,0,275344,0,0,0,0,0,277377
2020-09-05,5,9,2020,0,0,0,0,0,0,0,0,0,0,0,13846,0,0,0,0,0,15880
2020-09-06,6,9,2020,0,0,0,0,0,0,0,0,0,0,0,13846,0,0,0,0,0,15881
2020-09-07,7,9,2020,0,0,0,0,0,0,0,0,0,0,0,13846,0,0,0,0,0,15882
2020-09-08,8,9,2020,0,0,0,0,0,0,0,0,0,0,0,54298,0,0,0,0,0,56335
2020-09-09,9,9,2020,0,0,0,0,0,0,0,0,0,0,0,25714,0,0,0,0,0,27752
2020-09-10,10,9,2020,0,0,0,0,0,0,20000,0,0,0,0,0,0,0,0,0,0,22039
2020-09-11,11,9,2020,0,0,0,0,0,0,0,0,0,0,0,0,0,0,0,0,0,2040
2020-09-12,12,9,2020,0,0,0,0,0,0,0,0,0,0,0,0,0,0,0,0,0,2041
2020-09-13,13,9,2020,0,0,0,0,0,0,0,0,0,0,0,0,0,0,0,0,0,2042
2020-09-14,14,9,2020,0,0,0,12000,0,0,0,0,0,0,0,0,30344,0,0,0,0,44387
2020-09-15,15,9,2020,0,0,0,0,0,0,0,0,0,0,0,0,0,0,0,0,0,2044
2020-09-16,16,9,2020,0,0,0,0,0,0,0,0,0,0,0,0,0,0,0,0,0,2045
2020-09-17,17,9,2020,0,0,0,48000,68000,0,0,0,0,0,0,52546,23448,0,0,0,0,194040
2020-09-18,18,9,2020,0,0,0,30000,20000,0,20000,0,0,0,0,0,13276,0,0,0,0,85323
2020-09-19,19,9,2020,0,0,0,42000,0,0,0,0,0,0,0,0,0,0,0,0,0,44048
2020-09-20,20,9,2020,0,0,0,0,0,0,0,0,0,0,0,0,0,0,0,0,0,2049
2020-09-21,21,9,2020,0,0,0,49600,72000,0,0,0,0,0,0,0,55974,0,0,0,0,179624
2020-09-22,22,9,2020,0,0,0,44000,0,0,0,0,0,0,0,30660,24132,0,0,0,0,100843
2020-09-23,23,9,2020,0,0,0,0,0,0,0,0,58654,0,0,0,0,0,0,0,0,60706
2020-09-24,24,9,2020,0,0,0,0,0,0,0,0,59814,0,0,0,0,0,0,0,0,61867
2020-09-25,25,9,2020,0,0,0,0,0,0,0,0,0,0,0,0,0,0,0,0,0,2054
2020-09-26,26,9,2020,0,0,0,0,0,0,0,0,0,0,0,0,0,0,0,0,0,2055
2020-09-27,27,9,2020,0,0,0,0,0,0,0,0,0,0,0,0,0,0,0,0,0,2056
2020-09-28,28,9,2020,0,0,0,130000,45000,0,0,0,0,0,0,0,0,0,0,0,0,177057
2020-09-29,29,9,2020,0,0,0,70000,0,0,0,0,0,0,0,78636,0,0,0,0,0,150694
2020-09-30,30,9,2020,0,0,0,0,0,0,20000,0,0,0,0,47472,0,0,0,0,0,69531
2020-10-01,1,10,2020,0,0,0,100000,75200,0,0,0,0,0,0,0,0,0,0,0,0,177231
2020-10-02,2,10,2020,0,0,0,27400,0,0,0,0,0,0,0,0,0,0,0,0,0,29432
2020-10-03,3,10,2020,0,0,0,60000,0,0,57000,0,0,0,0,0,0,0,0,0,0,119033
2020-10-04,4,10,2020,0,0,0,20000,0,0,70000,0,0,0,0,0,0,0,0,0,0,92034
2020-10-05,5,10,2020,0,0,0,308000,116200,0,90000,0,0,0,0,0,0,0,0,0,0,516235
2020-10-06,6,10,2020,0,0,0,22400,20000,0,24000,0,0,0,0,0,0,0,0,0,0,68436
2020-10-07,7,10,2020,0,0,0,0,0,0,0,0,0,0,0,0,0,0,0,0,0,2037
2020-10-08,8,10,2020,0,0,0,10000,0,0,0,0,0,0,0,73906,0,0,0,0,0,85944
2020-10-09,9,10,2020,0,0,0,25000,0,0,0,0,0,0,0,224572,0,0,0,0,0,251611
2020-10-10,10,10,2020,0,0,0,29800,71200,0,0,0,0,0,0,0,35840,0,0,0,0,138880
2020-10-11,11,10,2020,0,0,0,132000,14000,0,0,0,0,0,0,0,0,0,0,0,0,148041
2020-10-12,12,10,2020,0,0,0,218680,20000,0,0,0,0,0,0,0,0,0,0,0,0,240722
2020-10-13,13,10,2020,0,0,0,0,0,0,0,0,0,0,0,0,0,0,0,0,0,2043
2020-10-14,14,10,2020,0,0,0,20000,0,0,0,0,0,0,0,0,0,0,0,0,0,22044
2020-10-15,15,10,2020,0,0,0,0,0,0,40000,0,0,0,0,0,0,0,0,0,0,42045
2020-10-16,16,10,2020,0,0,0,0,45000,0,0,0,0,0,0,0,0,0,0,0,0,47046
2020-10-17,17,10,2020,0,0,0,27200,70000,0,0,0,0,0,0,0,0,0,0,0,0,99247
2020-10-18,18,10,2020,0,0,0,0,35400,0,0,0,0,0,0,0,0,0,0,0,0,37448
2020-10-19,19,10,2020,0,0,0,88994,96000,0,0,0,0,0,0,0,0,0,0,0,0,187043
2020-10-20,20,10,2020,0,0,0,0,0,0,0,0,0,0,0,0,0,0,0,0,0,2050
2020-10-21,21,10,2020,0,0,0,0,20000,0,0,0,0,0,0,0,37912,0,0,0,0,59963
2020-10-22,22,10,2020,0,0,0,0,0,0,14000,0,0,0,0,8920,72040,0,0,0,0,97012
2020-10-23,23,10,2020,0,0,0,40000,0,0,0,0,0,0,0,0,45828,0,0,0,0,87881
2020-10-24,24,10,2020,0,0,0,68000,30000,0,0,0,0,0,0,0,0,0,0,0,0,100054
2020-10-25,25,10,2020,0,0,0,0,0,0,0,0,0,0,0,0,0,0,0,0,0,2055
2020-10-26,26,10,2020,0,0,0,0,0,0,0,0,0,0,0,0,0,0,0,0,0,2056
2020-10-27,27,10,2020,0,0,0,140000,0,0,0,0,0,0,0,0,60000,0,0,0,0,202057
2020-10-28,28,10,2020,0,0,0,50000,0,0,0,0,0,0,0,47754,0,0,0,0,0,99812
2020-10-29,29,10,2020,0,0,0,0,0,0,0,0,0,0,0,50606,0,0,0,0,0,52665
2020-10-30,30,10,2020,0,0,0,0,0,0,0,0,0,0,0,0,0,0,0,0,0,2060
2020-10-31,31,10,2020,0,0,0,0,0,0,0,0,0,0,0,0,0,0,0,0,0,2061
2020-11-01,1,11,2020,0,0,0,0,0,0,0,0,0,0,0,0,0,0,0,0,0,2032
2020-11-02,2,11,2020,0,0,0,0,0,0,0,0,0,0,0,0,0,0,0,0,0,2033
2020-11-03,3,11,2020,0,0,0,0,0,0,0,0,0,0,0,89358,0,0,0,0,0,91392
2020-11-04,4,11,2020,0,0,0,0,0,0,26000,0,0,0,0,0,0,0,0,0,0,28035
2020-11-05,5,11,2020,0,0,0,0,0,0,0,0,0,0,0,0,28434,0,0,0,0,30470
2020-11-06,6,11,2020,0,0,0,0,88000,0,0,0,0,0,0,0,0,0,0,0,0,90037
2020-11-07,7,11,2020,0,0,0,88000,0,0,78000,0,0,0,0,100000,18956,0,0,0,0,286994
2020-11-08,8,11,2020,0,0,0,0,0,0,26000,0,0,0,0,0,0,0,0,0,0,28039
2020-11-09,9,11,2020,0,0,0,140000,60010,0,0,0,20000,0,0,223088,72034,0,0,0,0,517172
2020-11-10,10,11,2020,0,0,0,12000,0,0,0,0,91640,0,0,111226,40244,0,0,0,0,257151
2020-11-11,11,11,2020,0,0,0,32000,0,0,0,0,50000,0,0,90000,0,0,0,0,0,174042
2020-11-12,12,11,2020,0,0,0,20000,0,0,0,0,0,0,0,154262,0,0,0,0,0,176305
2020-11-13,13,11,2020,0,0,0,0,0,0,0,0,0,0,0,89012,0,0,0,0,0,91056
2020-11-14,14,11,2020,0,0,0,0,0,0,0,0,0,0,0,0,0,0,0,0,0,2045
2020-11-15,15,11,2020,0,0,0,0,0,0,0,0,0,0,0,0,0,0,0,0,0,2046
2020-11-16,16,11,2020,0,0,0,0,0,0,0,0,0,0,0,0,0,0,0,0,0,2047
2020-11-17,17,11,2020,0,0,0,0,0,0,0,0,0,0,0,42868,0,0,0,0,0,44916
2020-11-18,18,11,2020,0,0,0,0,0,0,0,0,0,0,0,0,0,0,0,0,0,2049
2020-11-19,19,11,2020,0,0,0,0,0,0,0,0,0,0,0,20984,0,0,0,0,0,23034
2020-11-20,20,11,2020,0,0,0,0,20000,0,0,0,0,0,0,0,0,0,0,0,0,22051
2020-11-21,21,11,2020,0,0,0,0,0,0,22000,0,0,0,0,0,0,0,0,0,0,24052
2020-11-22,22,11,2020,0,0,0,0,0,0,26000,0,0,0,0,0,0,0,0,0,0,28053
2020-11-23,23,11,2020,6000,0,0,0,0,0,33000,0,0,0,0,0,0,0,0,0,0,41054
2020-11-24,24,11,2020,0,0,0,0,0,0,0,0,0,0,0,0,0,0,0,0,0,2055
2020-11-25,25,11,2020,0,0,0,0,0,0,0,0,0,0,0,43472,123216,0,0,0,0,168744
2020-11-26,26,11,2020,0,0,0,0,0,0,0,0,29510,0,0,0,0,0,0,0,0,31567
2020-11-27,27,11,2020,0,0,0,0,0,0,84000,0,0,0,0,0,0,0,0,0,0,86058
2020-11-28,28,11,2020,0,0,0,0,0,0,60000,0,0,0,0,0,0,0,0,0,0,62059
2020-11-29,29,11,2020,0,0,0,0,0,0,19000,0,0,0,0,0,0,0,0,0,0,21060
2020-11-30,30,11,2020,0,0,0,0,0,0,0,0,0,0,0,206196,0,0,0,0,10000,218257
2020-12-01,1,12,2020,0,0,0,0,0,0,0,0,11374,0,0,164514,0,0,0,0,0,177921
2020-12-02,2,12,2020,0,0,0,0,0,0,0,0,64754,0,0,43324,0,0,0,0,0,110112
2020-12-03,3,12,2020,0,0,0,0,0,0,0,0,48974,0,0,70968,0,0,0,0,0,121977
2020-12-04,4,12,2020,0,0,0,0,0,0,0,0,0,0,0,0,0,0,0,0,0,2036
2020-12-05,5,12,2020,0,0,0,100000,160000,0,0,0,0,0,0,0,0,0,0,0,0,262037
2020-12-06,6,12,2020,0,0,0,22000,0,0,0,0,0,0,0,0,0,0,0,0,0,24038
2020-12-07,7,12,2020,0,0,0,96000,50000,0,0,0,0,0,0,0,132694,0,0,0,0,280733
2020-12-08,8,12,2020,0,0,0,60000,210000,0,10000,0,0,0,0,118658,49286,0,0,0,0,449984
2020-12-09,9,12,2020,0,0,0,0,0,0,0,0,0,0,0,24260,0,0,0,0,0,26301
2020-12-10,10,12,2020,0,0,0,0,60000,0,0,0,0,0,0,53840,0,0,0,0,0,115882
2020-12-11,11,12,2020,0,0,0,0,0,0,0,0,0,0,0,0,0,0,0,0,0,2043
2020-12-12,12,12,2020,0,0,0,80000,28000,0,0,0,0,0,0,0,0,0,0,0,0,110044
2020-12-13,13,12,2020,0,0,0,0,0,0,0,0,0,0,0,0,0,0,0,0,0,2045
2020-12-14,14,12,2020,0,0,0,280000,0,0,10000,0,0,0,0,0,0,0,0,0,0,292046
2020-12-15,15,12,2020,0,0,0,113148,0,0,0,0,0,0,0,35604,0,0,0,0,0,150799
2020-12-16,16,12,2020,0,0,0,0,0,0,0,0,0,0,0,0,0,0,0,0,0,2048
2020-12-17,17,12,2020,0,0,0,0,20000,0,0,0,0,0,0,11868,0,0,0,0,0,33917
2020-12-18,18,12,2020,0,0,0,0,0,0,0,0,0,0,0,0,0,0,0,0,0,2050
2020-12-19,19,12,2020,0,0,0,54000,10000,0,0,0,0,0,0,0,0,0,0,0,0,66051
2020-12-20,20,12,2020,0,0,0,0,0,0,0,0,0,0,0,0,0,0,0,0,0,2052
2020-12-21,21,12,2020,16000,0,0,115000,40000,0,18000,0,0,0,0,0,0,0,0,0,0,191053
2020-12-22,22,12,2020,16000,0,0,30000,16000,0,0,0,0,0,0,0,0,0,0,0,0,64054
2020-12-23,23,12,2020,16000,0,0,48000,50000,0,0,0,0,0,0,0,0,0,0,0,0,116055
2020-12-24,24,12,2020,0,0,0,0,0,0,18000,0,0,0,0,0,0,0,0,0,0,20056
2020-12-25,25,12,2020,0,0,0,0,0,0,0,0,0,0,0,0,0,0,0,0,0,2057
2020-12-26,26,12,2020,0,0,0,0,22000,0,0,0,0,0,0,0,0,0,0,0,0,24058
2020-12-27,27,12,2020,0,0,0,24000,60000,0,0,0,0,0,0,0,0,0,0,0,0,86059
2020-12-28,28,12,2020,26000,0,0,0,60000,0,0,0,0,0,0,0,0,0,0,0,0,88060
2020-12-29,29,12,2020,0,0,0,0,0,0,0,0,8278,0,0,800000,92160,0,0,0,0,902499
2020-12-30,30,12,2020,0,0,0,0,0,0,0,0,0,0,0,67272,0,0,0,0,0,69334
2020-12-31,31,12,2020,0,0,0,0,0,0,0,0,0,0,0,0,0,0,0,0,0,2063
