Fecha,Punto 1,Punto 2,Punto 3,Punto 4,Punto 5,Punto 6,Punto 7,Punto 8,Punto 9,Punto 10,Punto 11,Punto 12,Punto 13,Punto 14,Punto 15,Punto 16,Punto 17,Total
2019-01-01,0,0,0,0,0,0,0,0,0,0,10016,0,0,0,0,38032,0,48048
2019-01-02,0,0,0,0,0,0,0,0,0,0,10000,0,0,0,0,38032,0,48032
2019-01-03,0,0,0,0,0,0,0,0,334596,0,33200,0,0,0,0,0,0,367796
2019-01-04,0,0,0,0,0,0,22032,0,420424,0,0,0,0,0,0,19504,0,461960
2019-01-05,0,0,0,0,0,0,0,0,320722,0,10000,0,0,0,0,0,0,330722
2019-01-06,0,0,0,0,0,0,0,0,217850,0,10000,0,0,0,0,0,0,227850
2019-01-07,0,0,0,0,0,0,0,0,266502,0,33200,0,0,0,0,0,0,299702
2019-01-08,0,0,0,0,0,0,0,0,414854,0,74794,0,0,0,0,0,0,489648
2019-01-09,0,0,0,0,40000,0,110136,0,383810,0,33200,0,0,0,0,0,0,567146
2019-01-10,0,0,0,0,0,0,0,0,402810,0,33200,0,0,0,0,0,0,436010
2019-01-11,0,0,0,0,0,0,0,0,475992,0,38428,0,0,0,0,0,0,514420
2019-01-12,19300,0,0,0,0,0,0,0,473536,0,33200,0,0,0,0,10700,0,536736
2019-01-13,19300,0,0,0,0,0,0,0,473536,0,33200,0,0,0,0,46636,0,572672
2019-01-14,0,0,0,0,18198,0,0,0,473536,0,33200,0,0,0,0,0,0,524934
2019-01-15,13142,0,0,0,0,0,18080,0,450804,0,10000,0,0,0,0,0,5768,497794
2019-01-16,32226,0,0,0,0,0,34494,0,454380,0,10000,0,0,0,0,30016,11374,572490
2019-01-17,37794,0,0,9672,0,0,0,0,470630,0,10000,0,0,0,0,54210,7584,589890
2019-01-18,0,0,0,0,0,0,0,0,479344,0,10000,0,0,0,0,0,0,489344
2019-01-19,0,0,0,0,0,0,0,0,531154,0,10000,0,0,0,0,0,0,541154
2019-01-20,0,0,0,0,0,0,0,0,555410,0,10000,0,0,0,0,0,0,565410
2019-01-21,0,0,0,15678,18062,0,0,0,485098,0,10000,0,0,0,0,12800,0,541638
2019-01-22,0,0,0,0,0,0,0,0,526318,0,10000,0,0,0,0,0,0,536318
2019-01-23,0,62238,0,0,0,0,0,0,583818,0,10000,0,0,0,0,0,0,656056
2019-01-24,0,0,0,0,0,0,0,0,511748,0,10000,0,0,0,0,0,0,521748
2019-01-25,0,0,0,0,0,0,0,0,560670,0,10000,0,0,0,0,0,0,570670
2019-01-26,0,0,0,0,0,0,0,0,549264,0,10000,0,0,0,0,0,0,559264
2019-01-27,0,0,0,0,0,0,0,0,548826,0,10000,0,0,0,0,0,0,558826
2019-01-28,34654,0,0,39804,0,0,0,0,549264,0,10000,0,0,0,0,0,11522,645244
2019-01-29,0,0,0,15476,0,0,0,0,553252,0,10000,0,0,0,0,0,11014,589742
2019-01-30,0,0,0,19344,0,0,0,0,549264,0,10000,0,0,0,0,0,10630,589238
2019-01-31,0,0,0,38304,0,0,0,0,480382,0,10000,0,0,0,0,0,18336,547022
2019-02-01,0,0,0,0,0,0,0,0,544062,0,0,0,158400,0,0,0,0,702462
2019-02-02,0,0,0,47304,0,0,0,0,547264,0,0,0,138598,0,0,0,10382,743548
2019-02-03,27020,0,0,0,17532,0,0,0,547264,0,0,0,10000,0,0,0,0,601816
2019-02-04,31452,0,0,0,0,0,0,0,547266,0,0,0,138600,0,0,0,8462,725780
2019-02-05,8664,0,0,0,0,0,0,0,547360,0,0,0,118602,0,0,0,0,674626
2019-02-06,0,0,0,0,0,0,0,0,547266,0,0,0,118604,0,0,0,0,665870
2019-02-07,0,0,0,50000,0,0,0,0,547460,0,0,0,135986,0,0,0,0,733446
2019-02-08,0,0,0,0,0,0,0,0,547560,0,0,0,73054,0,0,0,0,620614
2019-02-09,0,0,0,124996,0,0,0,0,507560,0,0,0,0,0,0,0,0,632556
2019-02-10,0,0,0,60310,0,0,0,0,357210,0,0,0,0,0,0,0,0,417520
2019-02-11,0,0,0,20904,0,0,0,0,547560,0,0,0,0,0,0,0,0,568464
2019-02-12,0,0,0,0,0,0,0,0,547560,0,0,0,10000,0,0,0,0,557560
2019-02-13,0,0,0,38786,0,0,0,0,547560,0,0,0,118404,0,0,5600,0,710350
2019-02-14,0,0,0,19026,0,0,0,0,547562,0,0,0,118404,0,0,6800,0,691792
2019-02-15,0,0,0,0,0,0,0,0,547560,0,0,0,118404,0,0,0,0,665964
2019-02-16,0,0,0,30000,0,0,30832,0,547560,0,0,0,118404,0,0,0,0,726796
2019-02-17,0,0,0,70000,0,0,0,0,547560,0,0,0,118404,0,0,0,0,735964
2019-02-18,0,0,0,23400,0,0,18960,0,547560,0,0,0,118404,0,0,20800,0,729124
2019-02-19,0,0,0,31074,0,0,21884,0,547560,0,0,0,118404,0,0,0,0,718922
2019-02-20,0,0,0,0,0,0,0,0,547560,0,0,0,118404,0,0,0,0,665964
2019-02-21,0,0,0,0,0,0,16742,0,547560,0,0,0,158204,0,0,0,0,722506
2019-02-22,0,45482,0,0,0,0,0,0,547560,0,0,0,158204,0,0,0,0,751246
2019-02-23,0,0,0,0,0,0,0,0,547560,0,0,0,106432,0,0,0,0,653992
2019-02-24,0,0,0,0,0,0,0,0,547560,0,0,0,106432,0,0,0,0,653992
2019-02-25,0,0,0,0,0,0,0,0,547560,0,0,0,106432,0,0,0,0,653992
2019-02-26,0,0,0,0,0,0,0,0,547560,0,0,0,110224,0,0,0,0,657784
2019-02-27,0,0,0,95764,0,0,0,0,547560,0,0,0,118404,0,0,0,0,761728
2019-02-28,0,0,0,52064,5560,0,0,0,547560,0,0,0,118404,0,0,0,0,723588
2019-03-01,0,0,0,0,0,0,0,0,558934,0,0,0,118404,0,0,0,0,677338
2019-03-02,0,0,0,0,0,0,0,0,431630,0,0,0,118404,0,0,0,0,550034
2019-03-03,0,0,0,0,0,0,0,0,558934,0,0,0,118404,0,0,0,0,677338
2019-03-04,0,0,0,0,0,0,0,0,558934,0,0,0,118404,0,0,0,0,677338
2019-03-05,0,0,0,0,0,0,0,0,558934,0,0,0,118404,0,0,0,0,677338
2019-03-06,0,0,0,0,0,0,0,0,513522,0,0,0,163702,0,0,0,0,677224
2019-03-07,0,0,0,0,0,0,0,0,558934,0,0,0,118404,0,0,0,0,677338
2019-03-08,0,0,0,0,0,0,0,0,558934,0,0,0,118404,0,0,0,0,677338
2019-03-09,0,0,9600,30836,20000,0,0,0,558934,0,0,0,118404,0,0,0,0,737774
2019-03-10,74244,0,24748,0,26000,0,48742,0,558934,0,0,0,118404,0,0,29550,0,880622
2019-03-11,32000,0,0,0,0,0,0,0,558934,0,0,0,118404,0,0,0,0,709338
2019-03-12,0,0,0,0,0,0,0,0,558934,0,0,0,118404,0,0,0,0,677338
2019-03-13,0,0,0,0,0,0,0,0,558934,0,0,0,118404,0,0,0,0,677338
2019-03-14,0,0,0,0,0,0,0,0,558934,0,0,0,118404,0,0,0,0,677338
2019-03-15,0,0,0,0,0,0,0,0,558934,0,0,0,118404,0,0,0,0,677338
2019-03-16,34782,0,0,0,21984,0,0,0,558934,0,0,0,118404,0,0,33990,0,768094
2019-03-17,0,0,0,22648,27622,0,0,0,558934,0,0,0,118404,0,0,0,0,727608
2019-03-18,0,0,0,0,0,0,0,0,558934,0,0,0,118404,0,0,0,0,677338
2019-03-19,0,0,0,0,21000,0,0,0,558934,0,0,0,118404,0,0,0,0,698338
2019-03-20,0,0,9576,0,0,0,0,0,558934,0,0,0,118404,0,0,0,0,686914
2019-03-21,146162,0,46422,0,0,0,63032,0,558934,0,0,0,108404,0,0,0,0,922954
2019-03-22,0,0,0,0,0,0,0,0,558934,0,0,0,118404,0,0,0,0,677338
2019-03-23,0,0,0,20000,0,0,0,0,558934,0,0,0,118402,0,0,0,0,697336
2019-03-24,0,0,0,0,0,0,0,0,558934,0,0,0,118404,0,0,0,0,677338
2019-03-25,60000,0,20000,0,40000,0,0,0,558934,0,0,0,118404,0,0,20000,0,817338
2019-03-26,0,0,0,0,0,0,0,0,558934,0,0,0,118404,0,0,0,0,677338
2019-03-27,0,0,0,0,0,0,0,0,558934,0,0,0,118402,0,0,0,0,677336
2019-03-28,0,0,0,0,0,0,0,0,558934,0,0,0,118404,0,0,0,0,677338
2019-03-29,0,0,0,0,0,0,0,0,558934,0,0,0,116334,0,0,0,0,675268
2019-03-30,0,0,0,0,0,0,0,0,558934,0,0,0,116336,0,0,0,0,675270
2019-03-31,0,0,0,0,0,0,0,0,558934,0,0,0,116336,0,0,0,0,675270
2019-04-01,0,0,0,0,0,0,0,0,0,0,0,0,0,0,0,0,0,0
2019-04-02,0,0,0,0,0,0,0,0,0,0,0,0,0,0,0,0,0,0
2019-04-03,0,0,0,0,0,0,0,0,0,0,0,0,0,0,0,0,0,0
2019-04-04,0,0,0,0,0,0,0,0,0,0,0,0,0,0,0,0,0,0
2019-04-05,0,0,0,33200,0,0,0,0,0,0,0,0,0,0,0,0,0,33200
2019-04-06,34400,0,0,0,0,0,0,0,0,0,0,0,0,0,0,0,0,34400
2019-04-07,0,0,0,0,0,0,0,0,0,0,0,0,0,0,0,0,0,0
2019-04-08,0,0,0,0,0,0,0,0,0,0,0,0,0,0,0,0,0,0
2019-04-09,0,0,0,24000,0,0,56876,0,0,0,0,0,0,0,0,0,0,80876
2019-04-10,0,0,0,17000,0,0,0,0,0,0,0,0,0,0,0,0,0,17000
2019-04-11,0,0,0,98600,8000,0,0,0,0,0,0,0,0,0,0,0,0,106600
2019-04-12,0,0,0,0,0,0,0,0,0,0,0,0,0,0,0,0,0,0
2019-04-13,0,0,0,0,0,0,0,0,0,0,0,0,0,0,0,0,0,0
2019-04-14,0,0,0,0,0,0,0,0,0,0,0,0,0,0,0,0,0,0
2019-04-15,12006,0,61454,30000,0,0,0,0,0,0,0,0,0,0,0,0,0,103460
2019-04-16,12738,0,0,0,0,0,0,0,0,0,0,0,0,0,0,0,0,12738
2019-04-17,0,0,0,0,24000,0,0,0,0,0,0,0,0,0,0,0,0,24000
2019-04-18,0,0,0,68000,0,0,0,0,0,0,0,0,0,0,0,0,0,68000
2019-04-19,0,0,0,0,0,0,0,0,0,0,0,0,0,0,0,0,0,0
2019-04-20,0,0,0,102000,0,0,50230,0,0,0,0,0,0,0,0,0,0,152230
2019-04-21,0,0,0,105000,0,0,0,0,0,0,0,0,0,0,0,12500,0,117500
2019-04-22,0,0,0,0,0,0,0,0,0,0,0,0,0,0,0,0,0,0
2019-04-23,0,0,0,0,0,0,0,0,0,0,0,0,0,0,0,0,0,0
2019-04-24,0,0,0,0,0,0,0,0,0,0,0,0,0,0,0,0,0,0
2019-04-25,0,0,0,0,0,0,0,0,0,0,0,0,0,0,0,0,0,0
2019-04-26,0,0,0,0,0,0,0,0,0,0,0,0,0,0,0,0,0,0
2019-04-27,0,0,20000,0,0,0,2220,0,0,0,0,0,0,0,0,0,0,22220
2019-04-28,0,31054,0,99868,0,0,40000,0,0,0,0,0,0,0,0,0,0,170922
2019-04-29,0,0,0,0,0,0,0,0,0,0,0,0,0,0,0,0,0,0
2019-04-30,0,0,0,0,0,0,0,0,0,0,0,0,0,0,0,0,0,0
2019-05-01,0,0,0,0,0,0,0,0,0,0,0,0,0,0,0,0,0,0
2019-05-02,0,0,0,0,0,0,0,0,0,0,0,0,0,0,0,0,0,0
2019-05-03,0,0,0,0,0,0,117580,0,0,0,0,0,0,0,0,0,0,117580
2019-05-04,0,0,0,0,0,0,0,0,0,0,0,0,0,0,0,0,0,0
2019-05-05,0,0,0,0,0,0,0,0,0,0,0,0,0,0,0,0,0,0
2019-05-06,0,0,0,0,0,0,24568,0,0,0,0,0,0,0,0,0,0,24568
2019-05-07,106030,0,0,22000,0,0,0,0,0,0,0,0,0,0,0,0,0,128030
2019-05-08,116126,0,0,0,0,0,0,0,0,0,0,0,0,0,0,0,0,116126
2019-05-09,0,0,0,38000,0,0,0,0,0,0,0,0,0,0,0,0,0,38000
2019-05-10,85304,0,0,0,0,0,0,0,0,0,0,0,0,0,0,0,0,85304
2019-05-11,84782,0,23002,0,0,0,0,0,0,0,0,0,0,0,0,20000,0,127784
2019-05-12,0,0,0,0,0,0,0,0,0,0,0,0,0,0,0,0,0,0
2019-05-13,0,0,0,0,0,0,0,0,0,0,0,0,0,0,0,0,0,0
2019-05-14,0,0,0,0,0,0,0,0,0,0,0,0,0,0,0,0,0,0
2019-05-15,0,0,0,0,0,0,0,0,0,0,0,0,0,0,0,0,0,0
2019-05-16,0,0,0,0,0,0,0,0,0,0,0,0,0,0,0,0,0,0
2019-05-17,0,0,0,0,0,0,0,0,0,0,0,0,0,0,0,0,0,0
2019-05-18,71532,0,0,120924,0,0,0,0,0,0,0,0,0,0,0,0,0,192456
2019-05-19,0,0,50000,10000,0,0,0,0,0,0,0,0,0,0,0,0,0,60000
2019-05-20,0,0,0,0,0,0,0,0,0,0,0,0,0,0,0,0,0,0
2019-05-21,0,0,0,0,0,0,0,0,0,0,0,0,0,0,0,0,0,0
2019-05-22,0,0,0,0,0,0,0,0,0,0,0,0,0,0,0,0,0,0
2019-05-23,0,0,0,0,0,0,0,0,0,0,0,0,0,0,0,0,0,0
2019-05-24,0,0,0,0,0,0,0,0,0,0,0,0,0,0,0,0,0,0
2019-05-25,0,0,0,0,0,0,0,0,0,0,0,0,0,0,0,0,0,0
2019-05-26,48830,0,29200,0,0,0,0,0,0,0,0,0,0,0,0,0,0,78030
2019-05-27,0,0,0,0,0,0,0,0,0,0,0,0,0,0,0,0,0,0
2019-05-28,64000,0,0,0,0,0,0,0,0,0,0,0,0,0,0,0,0,64000
2019-05-29,0,0,0,0,0,0,0,0,0,0,0,0,0,0,0,0,0,0
2019-05-30,0,0,0,0,0,0,0,0,0,0,0,0,0,0,0,0,0,0
2019-05-31,0,0,0,0,0,0,0,0,0,0,0,0,0,0,0,0,0,0
2019-06-01,0,0,0,0,0,0,0,0,0,0,0,0,0,0,0,0,0,0
2019-06-02,0,0,0,0,0,0,0,0,0,0,0,0,0,0,0,0,0,0
2019-06-03,0,0,0,0,0,0,0,0,0,0,0,0,0,0,0,0,0,0
2019-06-04,0,0,0,0,0,0,0,0,0,0,0,0,0,0,0,0,0,0
2019-06-05,0,0,0,0,0,0,0,0,0,0,0,0,0,0,0,0,0,0
2019-06-06,0,0,0,0,0,0,0,0,0,0,0,0,0,0,0,0,0,0
2019-06-07,0,0,0,0,0,0,0,0,0,0,0,0,0,0,0,0,0,0
2019-06-08,0,0,0,0,0,0,85000,0,0,0,0,0,0,0,0,0,0,85000
2019-06-09,0,0,0,0,0,0,110070,0,0,0,0,0,0,0,0,0,0,110070
2019-06-10,0,0,0,0,0,0,0,0,0,0,0,0,0,0,0,0,0,0
2019-06-11,0,0,0,0,0,0,0,0,0,0,0,0,0,0,0,0,0,0
2019-06-12,0,0,0,0,0,0,79800,0,0,0,0,0,0,0,0,0,0,79800
2019-06-13,0,0,0,0,0,0,0,0,0,0,0,120776,0,0,0,0,0,120776
2019-06-14,0,0,0,0,0,0,0,0,0,0,0,198382,0,0,0,0,0,198382
2019-06-15,2,0,0,0,0,0,0,0,0,0,0,303316,0,0,0,0,0,303318
2019-06-16,67004,0,0,0,0,0,0,0,0,0,0,284480,0,0,0,0,0,351484
2019-06-17,0,0,0,0,0,0,0,0,0,0,0,289668,56660,0,0,0,0,346328
2019-06-18,0,0,0,0,0,0,0,0,0,0,0,285118,0,0,0,0,0,285118
2019-06-19,0,0,0,0,0,0,0,0,0,0,0,725282,0,0,0,0,0,725282
2019-06-20,0,0,0,0,0,0,0,0,0,0,0,202820,0,0,0,0,0,202820
2019-06-21,0,0,0,0,0,0,0,0,0,0,0,86378,0,0,0,0,0,86378
2019-06-22,0,0,0,0,0,0,0,0,0,0,0,227476,0,0,0,0,0,227476
2019-06-23,0,0,0,0,0,0,0,0,60152,0,0,741936,60000,0,0,0,0,862088
2019-06-24,0,0,0,0,0,0,0,0,0,0,0,0,0,0,0,0,0,0
2019-06-25,0,0,0,0,0,0,0,0,0,0,0,0,368,0,0,0,0,368
2019-06-26,0,0,0,0,0,0,0,0,0,0,0,0,49850,0,0,0,0,49850
2019-06-27,0,0,0,0,0,0,0,0,0,0,0,0,0,0,0,0,0,0
2019-06-28,0,0,0,0,0,0,0,0,0,0,0,0,8998,0,0,0,0,8998
2019-06-29,0,0,0,10000,0,0,50000,0,0,0,0,0,29850,0,0,0,0,89850
2019-06-30,0,0,0,40000,0,0,70000,0,0,0,0,0,29850,0,0,17552,0,157402
2019-07-01,22748,0,0,0,25000,0,0,0,0,0,0,208520,0,0,0,0,0,256268
2019-07-02,28434,0,0,0,0,0,0,0,0,0,0,208524,0,0,0,0,0,236958
2019-07-03,0,0,0,0,0,0,0,0,0,0,0,208580,0,0,0,0,0,208580
2019-07-04,0,0,0,0,0,0,0,0,0,0,0,0,0,0,0,0,0,0
2019-07-05,0,0,0,58000,0,0,60000,0,0,0,0,0,0,0,0,0,0,118000
2019-07-06,0,0,0,0,0,0,0,0,0,0,0,0,0,0,0,0,0,0
2019-07-07,0,0,0,0,0,0,0,0,0,0,0,0,0,0,0,0,0,0
2019-07-08,0,0,0,0,0,0,0,0,0,0,0,0,0,0,0,0,0,0
2019-07-09,0,0,0,40000,0,0,0,0,0,0,0,0,0,0,0,0,0,40000
2019-07-10,0,0,0,80000,0,0,0,0,0,0,0,0,0,0,0,0,0,80000
2019-07-11,0,0,0,0,0,0,0,0,0,0,0,0,0,0,0,0,0,0
2019-07-12,0,0,0,160000,0,0,0,0,0,0,0,0,0,0,0,0,0,160000
2019-07-13,0,0,0,148168,35638,0,0,0,0,0,0,0,0,0,0,0,0,183806
2019-07-14,0,0,0,0,148168,0,0,0,0,0,0,0,0,0,0,0,0,148168
2019-07-15,0,0,0,158168,0,0,0,0,0,0,0,0,0,0,0,0,0,158168
2019-07-16,0,0,0,0,0,0,0,0,0,0,0,0,0,0,0,0,0,0
2019-07-17,0,0,0,0,0,0,0,0,0,0,0,0,0,0,0,0,0,0
2019-07-18,0,0,0,136000,0,0,0,0,0,0,0,0,0,0,0,0,0,136000
2019-07-19,0,0,0,5800,0,0,0,0,0,0,0,0,0,0,0,0,0,5800
2019-07-20,0,0,0,0,0,0,28898,0,0,0,0,0,0,0,0,0,0,28898
2019-07-21,0,0,0,0,0,0,52000,0,0,0,0,0,0,0,0,0,0,52000
2019-07-22,32000,0,0,0,0,0,0,0,0,0,0,0,0,0,0,0,0,32000
2019-07-23,0,0,0,0,0,0,37916,0,0,0,0,0,0,0,0,0,0,37916
2019-07-24,0,0,0,0,0,0,0,0,0,0,0,0,0,0,0,0,0,0
2019-07-25,0,0,0,0,0,0,0,0,0,0,0,0,0,0,0,0,0,0
2019-07-26,0,0,0,0,138000,0,0,0,0,0,0,0,0,0,0,0,0,138000
2019-07-27,0,0,0,0,0,0,0,0,0,0,0,0,0,0,0,0,0,0
2019-07-28,0,0,0,0,0,0,0,0,0,0,0,0,0,0,0,0,0,0
2019-07-29,0,0,0,0,0,0,0,0,0,0,0,0,0,0,0,0,0,0
2019-07-30,0,0,0,0,107348,0,0,0,0,0,0,0,0,0,0,0,0,107348
2019-07-31,0,0,0,0,0,0,0,0,0,0,0,0,0,0,0,0,0,0
2019-08-01,0,0,0,0,0,0,0,0,0,0,0,0,0,0,0,0,0,0
2019-08-02,0,0,0,0,0,0,0,0,18000,0,0,0,0,0,0,0,0,18000
2019-08-03,0,0,0,0,0,0,0,0,18000,0,0,0,0,0,0,0,0,18000
2019-08-04,0,0,0,0,0,0,0,0,18000,0,0,0,0,0,0,0,0,18000
2019-08-05,0,0,0,0,0,0,0,0,18000,0,0,0,0,0,0,0,0,18000
2019-08-06,0,0,0,0,0,0,0,0,0,0,0,0,0,0,0,0,0,0
2019-08-07,0,0,0,0,0,0,0,0,0,0,0,0,0,0,0,0,0,0
2019-08-08,0,0,0,0,0,0,0,0,18000,0,0,0,0,0,0,0,0,18000
2019-08-09,0,0,0,0,0,0,0,0,0,0,0,0,0,0,0,0,0,0
2019-08-10,0,0,0,0,0,0,0,0,0,0,0,0,0,0,0,0,0,0
2019-08-11,0,0,0,0,0,0,0,0,0,0,0,0,0,0,0,0,0,0
2019-08-12,45354,0,0,0,0,0,0,0,0,0,0,0,0,0,0,0,0,45354
2019-08-13,0,0,0,0,0,0,0,0,18000,0,0,0,0,0,0,0,0,18000
2019-08-14,0,0,0,0,0,0,0,0,0,0,0,0,0,0,0,0,0,0
2019-08-15,0,0,0,0,0,0,0,0,0,0,0,0,0,0,0,0,0,0
2019-08-16,0,0,0,0,0,0,0,0,0,0,0,0,56272,0,0,0,0,56272
2019-08-17,0,0,0,0,0,0,0,0,0,0,0,0,16412,0,0,0,0,16412
2019-08-18,0,0,0,0,0,0,0,0,0,0,0,0,16412,0,0,0,0,16412
2019-08-19,0,0,0,10000,0,0,0,0,0,0,0,0,16412,0,0,0,0,26412
2019-08-20,0,0,0,0,0,0,0,0,0,0,0,0,86194,0,0,0,0,86194
2019-08-21,0,0,0,86236,0,0,0,0,0,0,0,0,82272,0,0,0,0,168508
2019-08-22,0,0,0,0,0,0,0,0,0,0,0,0,48376,0,0,0,0,48376
2019-08-23,0,0,0,0,0,0,0,0,0,0,0,0,24830,0,0,0,0,24830
2019-08-24,0,0,30000,96000,0,0,49456,0,0,0,0,0,49426,0,0,0,0,224882
2019-08-25,0,0,0,0,0,0,0,0,0,0,0,0,49426,0,0,0,0,49426
2019-08-26,0,0,0,0,0,0,0,0,0,0,0,0,29102,0,0,0,0,29102
2019-08-27,0,0,51188,0,0,0,0,0,4018,0,0,0,84404,0,0,0,0,139610
2019-08-28,0,0,0,0,0,0,0,0,0,0,0,0,95868,0,0,0,0,95868
2019-08-29,0,0,0,0,0,0,0,0,0,0,0,0,53220,0,0,0,0,53220
2019-08-30,0,0,0,0,0,0,0,0,0,0,0,0,90088,0,0,0,0,90088
2019-08-31,0,0,0,0,0,0,0,0,0,0,0,0,86168,0,0,0,0,86168
2019-09-01,0,34210,0,168034,36016,0,0,0,0,0,0,0,46692,0,0,0,0,284952
2019-09-02,0,6210,18956,189832,36016,0,45196,0,0,0,0,0,46690,0,0,0,0,342900
2019-09-03,0,0,27540,134104,0,0,65208,0,0,0,0,157060,0,0,0,0,0,383912
2019-09-04,0,0,0,0,0,0,0,0,0,0,0,155888,0,0,0,0,0,155888
2019-09-05,0,0,29236,0,0,0,0,0,0,0,0,136256,0,0,0,0,0,165492
2019-09-06,0,0,0,0,0,0,50026,0,0,0,0,100000,0,0,0,0,0,150026
2019-09-07,0,0,11260,0,0,0,0,0,0,0,0,100000,0,0,0,0,0,111260
2019-09-08,0,0,0,0,0,0,0,0,0,0,0,100000,0,0,0,0,0,100000
2019-09-09,0,0,0,8334,0,0,0,0,0,0,0,100000,0,0,0,0,0,108334
2019-09-10,0,0,0,0,0,0,11926,0,0,0,0,0,0,0,0,0,0,11926
2019-09-11,0,0,0,0,0,0,40000,0,0,0,0,0,0,0,0,0,0,40000
2019-09-12,0,0,0,0,0,0,10000,0,0,0,0,0,0,0,0,0,0,10000
2019-09-13,0,0,0,0,0,0,40000,0,0,0,0,0,0,0,0,0,0,40000
2019-09-14,0,0,6072,4604,0,0,9478,0,0,0,0,0,12378,0,0,0,0,32532
2019-09-15,101280,0,18956,39932,0,0,0,0,0,0,0,0,12378,0,0,0,0,172546
2019-09-16,0,0,37912,35596,0,0,0,0,541916,0,0,0,12378,0,0,16492,0,644294
2019-09-17,0,0,3468,0,56868,0,0,0,0,0,0,1208764,0,0,0,0,0,1269100
2019-09-18,0,0,0,54000,0,0,0,0,10204,0,0,1262784,10000,0,0,0,0,1336988
2019-09-19,0,0,0,217080,26538,0,0,0,0,0,0,1034284,14000,0,0,0,0,1291902
2019-09-20,0,0,0,0,0,0,0,0,0,0,0,1058924,0,0,0,0,0,1058924
2019-09-21,0,0,0,175852,0,0,15166,0,0,0,0,965446,0,0,0,0,0,1156464
2019-09-22,49286,0,9772,197200,0,0,55740,0,0,0,0,1720248,0,0,0,0,0,2032246
2019-09-23,0,0,0,240330,0,0,47390,0,0,0,0,965446,0,0,0,0,0,1253166
2019-09-24,0,0,0,28070,31930,0,0,0,2,0,0,1072468,0,0,0,0,0,1132470
2019-09-25,0,0,0,0,46000,0,0,0,0,0,0,1134264,0,0,0,0,0,1180264
2019-09-26,64000,47234,0,0,0,0,0,0,13296,0,0,1096580,52378,0,0,0,0,1273488
2019-09-27,0,0,0,0,20000,0,0,0,0,0,0,1017746,52378,0,0,0,0,1090124
2019-09-28,30000,0,0,0,0,0,0,0,0,0,0,1199066,41984,0,0,0,0,1271050
2019-09-29,108050,0,7950,0,0,0,0,0,0,0,0,1199064,57694,0,0,0,0,1372758
2019-09-30,0,0,60000,0,0,0,0,0,0,0,0,1199064,42688,0,0,0,0,1301752
2019-10-01,0,2,0,0,0,0,0,0,1307724,0,0,1461918,604020,0,0,0,0,3373664
2019-10-02,0,2,0,0,0,0,0,0,1248626,0,0,1407194,581220,0,0,0,0,3237042
2019-10-03,0,2,0,183224,0,0,0,0,1058898,0,0,1445350,649242,0,0,0,0,3336716
2019-10-04,0,20000,0,0,0,0,0,0,1175896,0,0,1440000,776244,0,0,0,0,3412140
2019-10-05,0,18568,0,105546,0,0,0,0,1023178,0,0,1319138,673682,0,0,0,0,3140112
2019-10-06,0,0,0,122094,19004,0,0,0,1023178,0,0,1319138,696100,0,0,0,0,3179514
2019-10-07,0,57000,0,0,0,0,0,0,1023178,0,0,1319138,683610,0,0,0,0,3082926
2019-10-08,0,74274,0,0,0,0,0,0,1176526,0,0,1306112,674066,0,0,0,0,3230978
2019-10-09,0,49294,0,0,0,0,0,0,1153332,0,0,1231596,697162,0,0,0,0,3131384
2019-10-10,0,40000,0,0,0,0,0,0,1160650,0,0,1248984,694430,0,0,0,0,3144064
2019-10-11,0,0,0,0,0,0,0,0,955146,0,0,1263412,696974,0,0,0,0,2915532
2019-10-12,0,7058,0,0,0,0,0,0,1023178,0,0,1161920,694430,0,0,0,0,2886586
2019-10-13,0,33528,0,0,0,0,0,0,1023178,0,0,1161918,691918,0,0,0,0,2910542
2019-10-14,0,34000,0,0,0,0,0,0,1023178,0,0,1161918,694432,0,0,0,0,2913528
2019-10-15,0,0,0,0,0,0,0,0,1049496,0,0,1307630,693292,0,0,0,0,3050418
2019-10-16,0,0,0,0,0,0,0,0,1043178,0,0,1334200,662358,0,0,0,0,3039736
2019-10-17,6200,0,0,306000,0,0,119186,0,1042118,0,0,1321684,654268,0,0,0,0,3449456
2019-10-18,70000,76438,0,170000,0,0,18000,0,1023176,0,0,1320000,658058,0,0,0,0,3335672
2019-10-19,28432,30000,10664,256552,0,0,32000,0,1142604,0,0,1260000,547230,0,0,0,0,3307482
2019-10-20,0,0,0,130000,50000,0,10000,0,1142604,0,0,1260000,547230,0,0,0,0,3139834
2019-10-21,0,0,0,104000,0,0,68800,0,1029130,0,0,1260000,581192,0,0,0,0,3043122
2019-10-22,28000,0,0,0,0,0,30000,0,1123178,0,0,1300000,686514,0,0,0,0,3167692
2019-10-23,0,0,0,0,0,0,244000,0,1039718,0,0,1367064,675688,0,0,0,0,3326470
2019-10-24,0,0,0,80000,0,0,60000,0,1103178,0,0,1340000,683612,0,0,0,0,3266790
2019-10-25,0,30000,0,106000,0,0,0,0,929422,0,0,1341426,632412,0,0,44000,0,3083260
2019-10-26,0,0,0,0,0,0,0,0,1003178,0,0,1320000,657940,0,0,0,0,2981118
2019-10-27,0,2,0,180000,0,0,0,0,1003178,0,0,1320000,660698,0,0,0,0,3163878
2019-10-28,0,0,0,50000,0,0,100000,0,1003178,0,0,1320000,660700,0,0,0,0,3133878
2019-10-29,62000,27776,0,0,0,0,0,0,360422,0,0,1348360,622404,0,0,0,0,2420962
2019-10-30,0,65304,0,47000,0,0,0,0,1012368,0,0,1345000,561420,0,0,0,0,3031092
2019-10-31,0,24000,0,0,0,0,0,0,1074850,0,0,1291430,553780,0,0,0,0,2944060
2019-11-01,0,0,0,0,0,0,0,0,849482,0,0,1118538,452518,0,0,0,0,2420538
2019-11-02,0,0,0,30000,0,0,0,0,1000000,0,0,1482028,517570,0,0,0,0,3029598
2019-11-03,21494,0,0,80000,30000,0,0,0,1000000,0,0,1486712,517570,0,0,0,0,3135776
2019-11-04,20000,0,0,80000,62600,0,0,0,992646,0,0,1480728,527106,0,0,0,0,3163080
2019-11-05,0,0,0,0,0,0,0,0,919004,0,0,1460000,560466,0,0,0,0,2939470
2019-11-06,0,0,0,0,30000,0,20000,0,879004,0,0,1468466,551264,0,0,0,0,2948734
2019-11-07,57692,0,0,60000,20000,0,8000,0,879006,0,0,1462206,555076,0,0,0,0,3041980
2019-11-08,26200,0,0,0,0,0,0,0,879004,0,0,1500000,552446,0,0,0,0,2957650
2019-11-09,28606,0,0,40000,40000,0,38000,0,847938,0,0,1423108,665444,0,0,0,0,3083096
2019-11-10,0,0,0,40000,20000,0,0,0,968934,0,0,1500000,584956,0,0,0,0,3113890
2019-11-11,0,0,0,0,0,0,0,0,968934,0,0,1500000,587392,0,0,0,0,3056326
2019-11-12,14708,0,7642,80000,0,0,118138,0,1100000,0,0,1433998,660164,0,0,0,12312,3426962
2019-11-13,0,0,0,20000,8000,0,38000,0,1296146,0,0,1560000,658992,0,0,0,0,3581138
2019-11-14,0,0,0,0,0,0,40000,0,1180000,0,0,1700000,616106,0,0,0,0,3536106
2019-11-15,2200,0,0,50000,0,0,0,0,1200000,0,0,1690000,608476,0,0,0,0,3550676
2019-11-16,0,0,0,0,20000,0,0,0,1200000,0,0,1500000,588134,0,0,0,0,3308134
2019-11-17,0,0,0,0,0,0,0,0,1200000,0,0,1500000,588134,0,0,0,0,3288134
2019-11-18,70000,0,0,0,0,0,0,0,1215778,0,0,1500000,588132,0,0,0,0,3373910
2019-11-19,50000,0,0,53628,10000,0,0,0,1199066,0,0,1500000,553168,0,0,0,12816,3378678
2019-11-20,0,0,0,128000,0,0,0,0,1180000,0,0,1500000,539820,0,0,0,38900,3386720
2019-11-21,0,19238,0,60000,68600,0,59938,0,1100000,0,0,1400000,536004,0,0,0,2166,3245946
2019-11-22,0,0,0,0,0,0,0,0,1100000,0,0,1400000,554274,0,0,0,0,3054274
2019-11-23,0,0,0,30000,0,0,0,0,1000000,0,0,1500000,552536,0,0,0,0,3082536
2019-11-24,0,0,0,0,0,0,50000,0,1000000,0,0,1500000,552536,0,0,17000,0,3119536
2019-11-25,0,0,0,38000,0,0,0,0,999998,0,0,1500000,552536,0,0,0,0,3090534
2019-11-26,0,0,0,92000,65034,0,0,0,1030000,0,0,1500000,534092,0,0,0,0,3221126
2019-11-27,0,0,0,80000,83960,0,0,0,1050000,0,0,1554000,556030,0,0,0,0,3323990
2019-11-28,0,0,0,20000,80000,0,70000,0,1050000,0,0,1554000,540772,0,0,0,0,3314772
2019-11-29,0,0,0,20000,40000,0,30000,0,1050000,0,0,1554000,514072,0,0,0,0,3208072
2019-11-30,89764,0,0,50000,50000,0,0,0,889106,0,0,1554000,574438,0,0,0,28734,3236042
2019-12-01,0,0,0,84000,60000,0,76200,0,1068000,0,0,1355178,586770,0,0,0,32470,3262618
2019-12-02,0,0,0,62600,80000,0,60000,0,1068000,0,0,1355178,586672,0,0,0,0,3212450
2019-12-03,0,0,0,0,0,0,0,0,998000,0,0,1445178,590580,0,0,0,0,3033758
2019-12-04,0,0,0,0,0,0,0,0,0,0,0,1303634,590580,0,0,0,43824,1938038
2019-12-05,60818,0,0,40000,33638,0,0,0,1138000,0,0,1445178,600108,0,0,0,0,3317742
2019-12-06,0,0,0,0,30000,0,60000,0,0,0,0,0,0,0,0,0,0,90000
2019-12-07,0,0,0,0,0,0,26000,0,0,0,0,0,0,0,0,0,0,26000
2019-12-08,0,0,0,0,0,0,5000,0,0,0,0,0,0,0,0,0,57900,62900
2019-12-09,0,0,0,0,80000,0,30000,0,0,0,0,0,0,0,0,0,53710,163710
2019-12-10,0,0,0,20000,20000,0,34000,0,0,0,0,0,0,0,0,36000,51656,161656
2019-12-11,0,0,0,0,0,0,0,0,0,0,0,0,0,0,0,0,0,0
2019-12-12,50000,0,12000,0,80000,0,0,0,0,0,0,0,0,0,0,0,39784,181784
2019-12-13,0,0,0,0,60000,0,0,0,0,0,0,0,0,0,0,0,34846,94846
2019-12-14,0,0,0,0,30000,0,40000,0,0,0,0,0,0,0,0,0,16000,86000
2019-12-15,0,0,0,0,0,0,0,0,0,0,0,0,0,0,0,0,16000,16000
2019-12-16,0,0,0,0,20000,0,0,0,0,0,0,0,0,0,0,0,16000,36000
2019-12-17,0,0,0,0,0,0,30000,0,0,0,0,0,0,0,0,30000,5992,65992
2019-12-18,0,0,0,0,50000,0,0,0,0,0,0,0,0,0,0,0,15768,65768
2019-12-19,0,0,0,0,40000,0,0,0,0,0,0,0,0,0,0,0,16000,56000
2019-12-20,0,0,0,0,30000,0,0,0,0,0,0,0,0,0,0,8000,16000,54000
2019-12-21,0,0,0,4000,30000,0,0,0,0,0,0,0,0,0,0,0,16000,50000
2019-12-22,0,0,0,0,30000,0,0,0,0,0,0,0,0,0,0,20000,16000,66000
2019-12-23,0,0,0,0,60000,0,0,0,0,0,0,0,0,0,0,0,16000,76000
2019-12-24,0,0,0,0,300000,0,0,0,0,0,0,0,0,0,0,0,16000,316000
2019-12-25,0,0,0,0,20000,0,0,0,0,0,0,0,0,0,0,0,16000,36000
2019-12-26,0,0,0,0,30000,0,8000,0,0,0,0,0,0,0,0,0,16000,54000
2019-12-27,0,0,0,0,0,0,0,0,0,0,0,0,0,0,0,0,16000,16000
2019-12-28,0,0,0,0,0,0,40000,0,0,0,0,0,0,0,0,0,16000,56000
2019-12-29,0,0,0,0,0,0,39904,0,0,0,0,0,0,0,0,30000,16000,85904
2019-12-30,0,0,0,60000,111400,0,30000,0,0,0,0,0,0,0,0,0,16000,217400
2019-12-31,0,0,0,0,40000,0,35000,0,0,0,0,0,0,0,0,0,15984,90984
2020-01-01,0,0,0,0,98084,0,70000,0,0,0,0,0,0,0,0,0,16000,184084
2020-01-02,0,0,0,0,0,0,50000,0,0,0,0,120000,40000,0,0,0,16000,226000
2020-01-03,0,0,0,0,35400,0,0,0,0,0,0,0,0,0,0,0,16000,51400
2020-01-04,0,0,0,0,60000,0,0,0,0,0,0,0,0,0,0,0,16000,76000
2020-01-05,0,0,0,0,0,0,20000,0,0,0,0,0,0,0,0,0,12392,32392
2020-01-06,0,0,0,47200,0,0,7800,0,0,0,0,78594,0,0,0,0,16000,149594
2020-01-07,0,0,0,33200,25600,0,0,0,0,0,0,0,0,0,0,0,20944,79744
2020-01-08,0,0,0,100400,20000,0,50000,0,0,0,0,0,0,0,0,64000,16000,250400
2020-01-09,0,0,25000,0,74000,0,0,0,0,0,0,0,0,0,0,0,4886,103886
2020-01-10,39006,0,0,0,0,0,0,0,0,0,0,0,0,0,0,0,49336,88342
2020-01-11,0,0,0,0,0,0,0,0,0,0,0,0,0,0,0,0,41142,41142
2020-01-12,0,0,0,0,40000,0,0,0,0,0,0,0,0,0,0,0,27882,67882
2020-01-13,0,0,0,114000,10000,0,46000,0,0,0,0,0,0,0,0,0,24982,194982
2020-01-14,0,0,0,0,0,0,68000,0,0,0,0,0,80332,0,0,0,16000,164332
2020-01-15,0,0,0,9914,80000,0,0,0,0,0,0,138332,0,0,0,20000,15794,264040
2020-01-16,0,0,0,30000,0,0,0,0,0,0,0,0,0,0,0,0,14998,44998
2020-01-17,28030,0,0,56000,0,0,0,0,0,0,0,0,0,10000,0,0,33430,127460
2020-01-18,0,0,0,0,40000,0,63998,0,0,0,0,0,0,100000,0,0,16000,219998
2020-01-19,16000,0,0,0,20000,0,116000,0,0,0,0,0,0,100000,0,0,25666,277666
2020-01-20,20000,0,0,67200,80000,0,0,0,0,0,0,0,0,20000,0,0,16000,203200
2020-01-21,11878,0,0,148122,20000,0,9998,0,0,0,0,0,28550,10000,0,0,15362,243910
2020-01-22,20000,0,0,0,0,0,40000,0,0,0,0,0,0,20000,0,0,16000,96000
2020-01-23,0,0,0,70000,0,0,0,0,0,0,0,0,0,0,0,0,24666,94666
2020-01-24,22000,0,0,60000,0,0,0,0,0,0,0,0,0,0,0,0,16000,98000
2020-01-25,10000,0,0,120000,40000,0,0,0,0,0,0,0,0,0,0,36000,16000,222000
2020-01-26,0,0,0,100000,50000,0,0,0,0,0,0,0,0,0,0,60000,16000,226000
2020-01-27,20000,0,0,46000,160000,0,0,0,0,0,0,0,0,0,0,0,16000,242000
2020-01-28,22000,0,0,28000,0,18000,0,0,0,0,0,0,0,0,0,0,16000,84000
2020-01-29,0,0,0,0,30000,0,9998,0,0,0,0,0,0,0,0,0,19218,59216
2020-01-30,0,0,0,0,20242,0,0,0,0,0,0,0,0,0,0,0,45382,65624
2020-01-31,0,60000,0,0,38602,0,0,0,0,0,0,0,0,0,0,0,24348,122950
2020-02-01,0,0,0,57400,8600,0,0,0,0,0,0,0,0,0,0,0,0,66000
2020-02-02,19000,0,0,50400,190000,0,0,0,0,0,0,0,0,0,0,22600,0,282000
2020-02-03,0,0,0,106000,120000,0,0,0,0,0,0,0,0,0,0,31500,0,257500
2020-02-04,0,0,0,54000,0,0,0,0,0,0,0,0,0,0,0,0,0,54000
2020-02-05,0,0,0,50000,110000,0,0,0,0,0,0,0,0,0,0,0,0,160000
2020-02-06,0,0,0,0,101800,0,39994,0,0,0,0,0,0,0,0,0,0,141794
2020-02-07,0,0,0,0,0,0,20000,0,0,0,0,0,0,0,0,40000,0,60000
2020-02-08,0,0,0,180000,0,0,20000,0,0,0,0,0,0,0,0,40000,0,240000
2020-02-09,0,0,0,188000,0,0,28000,0,0,0,0,0,0,0,0,94000,0,310000
2020-02-10,0,0,0,46000,60000,0,80000,0,0,0,0,141172,0,0,0,94000,0,421172
2020-02-11,0,0,0,14000,66000,0,0,0,0,0,0,0,29850,0,0,0,0,109850
2020-02-12,0,0,0,15000,100000,0,0,0,0,0,0,98956,0,0,0,18000,0,231956
2020-02-13,0,0,0,0,0,0,0,0,0,0,0,170000,0,0,0,0,0,170000
2020-02-14,0,0,0,40000,20000,0,0,0,8370,0,0,214000,0,0,0,0,0,282370
2020-02-15,0,0,0,0,80000,0,0,0,0,0,0,0,0,0,0,84000,0,164000
2020-02-16,0,0,0,0,220000,0,0,0,0,0,0,0,0,0,0,0,0,220000
2020-02-17,0,0,0,0,70000,0,18000,0,0,0,0,0,0,0,0,0,0,88000
2020-02-18,0,0,0,53000,74000,0,0,0,0,0,0,0,0,0,0,0,0,127000
2020-02-19,0,0,0,0,0,0,0,0,0,0,0,0,0,0,0,0,0,0
2020-02-20,20000,0,0,20000,0,0,0,0,0,0,0,0,0,0,0,0,0,40000
2020-02-21,0,0,0,0,100000,0,30000,0,0,0,0,0,47538,0,0,0,0,177538
2020-02-22,0,0,0,0,50000,0,40000,0,0,0,0,0,0,0,0,38000,0,128000
2020-02-23,0,0,0,0,0,0,30000,0,0,0,0,0,0,0,0,0,0,30000
2020-02-24,0,0,0,0,72000,0,0,0,0,0,0,0,0,0,0,0,0,72000
2020-02-25,0,0,0,54000,190000,0,79600,0,0,0,0,0,0,0,0,0,0,323600
2020-02-26,0,0,0,0,40000,0,21432,0,0,0,0,0,0,0,0,0,0,61432
2020-02-27,0,0,0,0,0,0,12000,0,0,0,0,0,0,0,0,0,0,12000
2020-02-28,7000,0,0,0,0,0,0,0,0,0,0,0,0,0,0,0,0,7000
2020-02-29,0,0,0,90000,52000,0,0,0,0,0,0,0,0,0,0,0,0,142000
2020-03-01,0,0,0,96000,80000,0,0,0,0,0,0,0,0,0,0,0,0,176000
2020-03-02,0,0,0,0,0,0,45846,0,0,0,0,0,0,0,0,0,0,45846
2020-03-03,0,0,0,0,0,0,41708,0,0,0,0,0,28486,0,0,0,0,70194
2020-03-04,0,0,0,33000,0,0,0,0,0,0,0,0,0,0,0,0,0,33000
2020-03-05,50000,0,0,0,0,0,0,0,105886,0,0,0,0,0,0,0,0,155886
2020-03-06,0,0,0,0,32000,0,0,0,0,0,0,0,0,0,0,0,0,32000
2020-03-07,0,0,0,0,30000,0,0,0,0,0,0,0,0,0,0,0,0,30000
2020-03-08,0,0,0,0,39000,0,0,0,0,0,0,0,0,0,0,0,0,39000
2020-03-09,0,0,0,0,40000,0,0,0,0,0,0,0,0,0,0,0,0,40000
2020-03-10,0,0,0,51400,0,0,0,0,212438,0,0,0,0,0,0,0,0,263838
2020-03-11,0,0,0,0,0,0,0,0,0,0,0,0,0,0,0,0,0,0
2020-03-12,0,0,0,0,58000,0,0,0,0,0,0,0,0,0,0,0,0,58000
2020-03-13,10000,0,0,40000,10000,0,0,0,67692,0,0,0,0,0,0,34000,0,161692
2020-03-14,0,0,0,22000,56200,0,0,0,0,0,0,0,0,0,0,0,0,78200
2020-03-15,0,0,0,46000,55400,0,0,0,0,0,0,0,0,0,0,0,0,101400
2020-03-16,0,0,0,0,0,0,0,0,0,0,0,0,0,0,0,0,0,0
2020-03-17,0,0,0,111000,0,0,0,0,0,0,0,0,0,0,0,0,0,111000
2020-03-18,0,0,0,124000,0,0,0,0,0,0,0,0,0,0,0,0,0,124000
2020-03-19,0,0,0,160000,44000,0,20000,0,0,0,0,0,0,0,0,0,0,224000
2020-03-20,0,0,0,80000,0,0,0,0,0,0,0,0,126840,0,0,0,0,206840
2020-03-21,0,0,0,50000,0,50000,0,0,0,0,0,0,45510,0,0,0,0,145510
2020-03-22,16000,0,46000,80000,30000,0,0,0,0,0,0,0,0,0,0,0,0,172000
2020-03-23,6000,0,0,0,0,0,20000,0,0,0,0,0,0,0,0,0,0,26000
2020-03-24,0,0,35000,59500,24000,0,0,0,0,0,0,66346,0,0,0,0,4000,188846
2020-03-25,0,0,0,46000,14000,0,14124,0,0,0,0,0,49872,0,0,0,0,123996
2020-03-26,0,0,0,0,0,0,22000,6000,0,0,0,0,0,0,0,0,0,28000
2020-03-27,0,0,0,0,0,0,0,0,0,0,0,0,33798,0,0,0,0,33798
2020-03-28,14000,0,0,116000,0,0,0,0,0,0,0,0,40810,0,0,0,0,170810
2020-03-29,0,0,0,86000,0,0,0,0,0,0,0,0,74000,0,0,0,0,160000
2020-03-30,0,0,0,68000,0,0,53366,0,0,0,0,0,137396,0,0,0,0,258762
2020-03-31,0,0,0,130000,0,0,952,0,0,0,0,0,0,0,0,0,0,130952
2020-04-01,0,0,0,56000,24000,0,59998,0,89154,0,0,0,0,0,0,0,20000,249152
2020-04-02,0,0,0,60000,24000,0,20000,0,0,0,0,47930,0,0,0,0,0,151930
2020-04-03,0,0,0,0,10000,0,20000,0,0,0,0,0,0,0,0,0,0,30000
2020-04-04,0,0,0,0,0,0,0,0,0,0,0,0,0,0,0,16000,0,16000
2020-04-05,0,0,0,110000,10000,0,24000,0,0,0,0,0,0,0,0,30000,0,174000
2020-04-06,0,0,0,0,50000,0,0,0,0,0,0,0,0,0,0,0,0,50000
2020-04-07,0,0,0,0,0,0,0,0,0,0,0,0,0,0,0,0,0,0
2020-04-08,0,0,0,38000,0,0,0,0,0,0,0,0,0,0,0,0,0,38000
2020-04-09,0,0,0,60000,0,0,26200,0,0,0,0,0,67610,0,0,0,0,153810
2020-04-10,0,0,0,0,0,0,37000,0,0,0,0,0,0,0,0,0,0,37000
2020-04-11,0,0,0,18000,0,0,40000,0,0,0,0,0,0,0,0,0,0,58000
2020-04-12,0,12698,0,0,0,0,45000,0,0,0,0,0,0,0,0,0,0,57698
2020-04-13,0,0,0,63800,0,0,0,0,0,0,0,0,14926,0,0,0,0,78726
2020-04-14,0,0,0,153000,0,0,0,0,0,0,0,0,0,0,0,0,0,153000
2020-04-15,0,0,0,0,60000,0,0,0,0,0,0,0,0,0,0,0,0,60000
2020-04-16,0,0,0,40000,30000,0,0,0,0,0,0,0,0,0,0,0,0,70000
2020-04-17,0,0,0,0,0,0,0,0,0,0,0,0,0,0,0,0,0,0
2020-04-18,0,0,0,110000,0,0,0,0,0,0,0,0,0,0,0,0,0,110000
2020-04-19,0,0,0,0,30000,0,0,0,0,0,0,0,0,0,0,0,0,30000
2020-04-20,0,0,0,13000,40000,0,0,0,0,0,0,0,80142,0,0,0,0,133142
2020-04-21,0,0,0,14000,20000,0,0,0,10000,0,0,207476,0,0,0,0,0,251476
2020-04-22,0,0,0,20000,130000,0,16002,0,0,0,0,0,0,0,0,0,0,166002
2020-04-23,0,0,0,0,10000,0,0,0,179180,0,0,0,20000,0,0,0,0,209180
2020-04-24,0,0,0,0,52000,0,0,0,78168,0,0,0,90000,0,0,0,0,220168
2020-04-25,0,0,0,140400,40000,0,0,0,0,0,0,0,0,0,0,0,0,180400
2020-04-26,0,0,0,122000,50000,0,0,0,0,0,0,0,0,0,0,0,0,172000
2020-04-27,0,0,0,0,54000,0,14000,0,0,0,0,0,40000,0,0,0,0,108000
2020-04-28,0,0,0,40000,100000,0,38000,0,0,0,0,0,0,0,0,0,0,178000
2020-04-29,0,0,0,160000,0,0,0,0,0,0,0,0,0,0,0,0,0,160000
2020-04-30,0,0,0,188000,0,0,0,0,0,0,0,0,0,0,0,0,0,188000
2020-05-01,0,0,0,140000,0,0,0,0,0,0,0,0,0,0,0,0,0,140000
2020-05-02,0,0,0,76000,0,0,0,0,0,0,0,0,0,0,0,0,0,76000
2020-05-03,0,0,0,128000,0,0,40000,0,0,0,0,0,0,0,0,0,0,168000
2020-05-04,0,0,0,120000,10000,0,0,0,0,0,0,0,0,0,0,0,0,130000
2020-05-05,0,0,0,48000,94000,0,0,0,0,0,0,86384,0,0,0,0,0,228384
2020-05-06,0,0,0,146800,40000,0,0,0,0,0,0,160002,0,0,0,0,0,346802
2020-05-07,0,0,0,160000,0,0,30000,0,0,0,0,104552,0,0,0,0,0,294552
2020-05-08,0,0,0,40000,0,0,0,0,0,0,0,0,0,0,0,0,0,40000
2020-05-09,0,0,0,50000,0,0,20000,0,0,0,0,0,0,0,0,0,0,70000
2020-05-10,0,0,0,0,0,0,35000,0,0,0,0,0,0,0,0,0,0,35000
2020-05-11,0,0,0,0,0,0,40000,0,0,0,0,0,0,0,0,0,0,40000
2020-05-12,0,0,0,20000,30000,0,10000,0,0,0,0,0,0,0,0,0,0,60000
2020-05-13,0,0,0,0,40000,0,0,0,0,0,0,0,0,0,0,0,0,40000
2020-05-14,0,0,0,0,0,0,0,0,0,0,0,0,0,0,0,0,0,0
2020-05-15,0,0,0,0,24000,0,0,0,0,0,0,0,0,0,0,0,0,24000
2020-05-16,0,0,0,0,0,0,0,0,0,0,0,250136,47462,0,0,0,26886,324484
2020-05-17,0,0,0,0,60000,0,0,0,0,0,0,200000,66446,0,0,0,0,326446
2020-05-18,0,0,0,0,27000,0,0,0,94702,0,0,121654,200306,0,0,0,0,443662
2020-05-19,0,0,0,0,0,0,0,0,102396,0,0,147740,0,0,0,0,0,250136
2020-05-20,0,0,0,0,0,0,0,0,155822,0,0,28512,106450,0,0,0,0,290784
2020-05-21,0,0,0,0,0,0,0,0,0,0,0,272940,89900,0,0,0,0,362840
2020-05-22,0,0,0,0,0,0,0,0,86234,0,0,0,10000,0,0,0,0,96234
2020-05-23,0,0,0,180000,0,0,0,0,210738,0,0,0,0,0,0,0,0,390738
2020-05-24,0,0,0,126000,0,0,0,0,210738,0,0,0,0,0,0,0,0,336738
2020-05-25,0,0,0,280000,0,0,8000,0,210738,0,0,0,0,0,0,0,0,498738
2020-05-26,0,0,0,344000,190000,0,0,0,210738,0,0,0,0,0,0,0,0,744738
2020-05-27,0,0,0,90000,0,0,0,0,0,0,0,0,0,0,0,16000,0,106000
2020-05-28,0,0,0,38000,0,0,0,0,0,0,0,0,0,0,0,0,0,38000
2020-05-29,0,0,0,52000,0,0,0,0,16626,0,0,101728,0,0,0,0,0,170354
2020-05-30,0,0,0,0,0,0,0,0,16626,0,0,37980,0,0,0,0,0,54606
2020-05-31,0,0,0,0,0,0,0,0,16626,0,0,0,0,0,0,0,0,16626
2020-06-01,0,0,0,0,14000,0,0,0,185734,0,0,0,0,0,0,0,0,199734
2020-06-02,0,0,0,80000,106000,0,0,0,25708,0,0,0,132874,0,0,0,0,344582
2020-06-03,0,0,0,0,62000,0,0,0,160000,0,0,120306,11062,0,0,0,0,353368
2020-06-04,0,0,0,0,0,0,0,0,186744,0,0,224772,0,0,0,0,0,411516
2020-06-05,0,0,0,0,0,0,0,0,186714,0,0,178484,0,0,0,0,0,365198
2020-06-06,0,0,0,0,28000,0,0,0,277546,0,0,182104,0,0,0,0,0,487650
2020-06-07,0,0,0,0,0,0,0,0,202076,0,0,133640,0,0,0,0,0,335716
2020-06-08,0,0,0,0,0,0,0,0,289656,0,0,252228,59998,0,0,0,0,601882
2020-06-09,0,0,0,80000,110000,0,0,0,267246,0,0,234050,109118,0,0,0,0,800414
2020-06-10,0,0,0,101400,2000,0,0,0,423606,0,0,290556,238010,0,0,0,0,1055572
2020-06-11,0,0,0,0,0,0,0,0,381554,0,0,215702,232314,0,0,0,0,829570
2020-06-12,0,0,0,0,0,0,0,0,168872,0,0,413876,82922,0,0,0,0,665670
2020-06-13,0,0,0,0,0,0,0,0,53390,0,0,0,20000,0,0,0,0,73390
2020-06-14,0,0,0,0,0,0,0,0,53390,0,0,0,20000,0,0,0,0,73390
2020-06-15,0,0,0,0,0,0,0,0,53390,0,0,0,20000,0,0,0,0,73390
2020-06-16,0,0,0,0,0,0,0,0,20976,0,0,0,133918,0,0,0,0,154894
2020-06-17,0,0,0,0,0,0,10000,0,100692,0,0,0,20000,0,0,0,0,130692
2020-06-18,0,0,0,0,0,0,0,0,258000,0,0,0,32664,0,0,0,0,290664
2020-06-19,0,0,0,97000,0,0,18000,0,23682,0,0,18530,0,0,0,0,0,157212
2020-06-20,0,0,0,80000,0,0,0,0,203886,0,0,0,41270,0,0,0,0,325156
2020-06-21,0,0,0,0,0,0,0,0,203886,0,0,0,20000,0,0,0,0,223886
2020-06-22,0,0,0,0,0,0,0,0,203886,0,0,0,20000,0,0,0,0,223886
2020-06-23,0,0,0,91384,0,0,20000,0,101062,0,0,137548,37194,0,0,0,0,387188
2020-06-24,0,0,0,60000,0,0,10000,0,218898,0,0,0,54680,0,0,0,0,343578
2020-06-25,0,0,16000,0,0,0,0,0,236256,0,0,105280,70000,0,0,0,0,427536
2020-06-26,0,0,0,0,0,0,0,0,228564,0,0,0,66292,0,0,0,0,294856
2020-06-27,0,0,0,0,0,0,0,0,12024,0,0,0,0,0,0,0,0,12024
2020-06-28,0,0,0,0,0,0,0,0,12024,0,0,0,0,0,0,0,0,12024
2020-06-29,0,0,0,0,0,0,0,0,12024,0,0,0,0,0,0,0,0,12024
2020-06-30,0,0,0,30000,0,0,40000,0,141594,0,0,0,20000,0,0,0,0,231594
2020-07-01,0,0,0,0,0,0,4400,0,0,0,0,0,0,0,0,0,0,4400
2020-07-02,0,0,0,0,0,0,0,0,0,0,0,0,0,0,0,0,0,0
2020-07-03,0,0,0,66000,10000,0,50000,0,0,0,0,0,0,0,0,0,26000,152000
2020-07-04,0,0,0,0,0,0,72000,0,0,0,0,0,0,0,0,0,0,72000
2020-07-05,0,0,0,0,0,0,120000,0,0,0,0,0,0,0,0,0,0,120000
2020-07-06,0,0,0,0,0,0,126000,0,0,0,0,0,0,0,0,0,0,126000
2020-07-07,0,0,0,0,0,0,0,0,0,0,0,0,0,0,0,0,0,0
2020-07-08,0,0,0,40000,0,0,0,0,0,0,0,0,0,0,0,0,0,40000
2020-07-09,0,0,0,0,0,0,0,0,0,0,0,0,0,0,0,0,0,0
2020-07-10,0,0,0,30000,0,0,0,0,44862,0,0,0,0,0,0,0,0,74862
2020-07-11,0,0,0,0,104338,0,0,0,16000,0,0,107330,66414,0,0,0,0,294082
2020-07-12,0,0,0,0,0,0,0,0,0,0,0,0,0,0,0,0,0,0
2020-07-13,0,0,0,0,0,0,0,0,34142,0,0,0,75904,0,0,0,0,110046
2020-07-14,0,0,0,80000,0,0,0,0,0,0,0,45248,0,0,0,0,0,125248
2020-07-15,0,0,0,438200,0,0,0,0,0,0,0,0,0,0,0,0,0,438200
2020-07-16,0,0,0,50000,0,0,0,0,0,0,0,0,0,0,0,0,0,50000
2020-07-17,0,0,0,0,0,0,0,0,0,0,0,0,0,0,0,0,0,0
2020-07-18,0,0,0,80000,0,0,0,0,0,0,0,0,0,0,0,0,0,80000
2020-07-19,0,0,0,20000,0,0,0,0,0,0,0,0,0,0,0,0,0,20000
2020-07-20,0,0,0,204000,0,0,0,0,0,0,0,0,0,0,0,0,0,204000
2020-07-21,0,0,0,80000,0,0,0,0,0,0,0,100298,80084,0,0,0,0,260382
2020-07-22,0,0,0,28000,0,0,0,0,0,0,0,3956,0,0,0,0,0,31956
2020-07-23,0,0,0,0,0,0,70000,0,11130,0,0,71052,140146,0,0,0,0,292328
2020-07-24,0,0,0,0,0,0,60000,0,0,0,0,56244,37952,0,0,0,0,154196
2020-07-25,0,0,0,0,0,0,0,0,0,0,0,74940,0,0,0,0,0,74940
2020-07-26,0,0,0,0,0,0,0,0,0,0,0,0,0,0,0,0,0,0
2020-07-27,0,0,0,0,0,0,0,0,0,0,0,21438,0,0,0,0,0,21438
2020-07-28,0,0,0,0,0,0,10000,0,0,0,0,97516,0,0,0,0,0,107516
2020-07-29,0,0,0,0,51600,0,0,0,0,0,0,6330,0,0,0,0,0,57930
2020-07-30,0,0,0,0,0,0,0,0,0,0,0,0,66416,0,0,0,0,66416
2020-07-31,0,0,0,0,0,0,20000,0,0,0,0,0,0,0,0,0,0,20000
2020-08-01,143806,113420,24508,292452,489810,0,335730,0,0,0,0,0,0,0,0,297000,43988,1740714
2020-08-02,142650,113420,24318,378612,466736,0,301602,0,0,0,0,0,0,0,0,297000,43988,1768326
2020-08-03,143808,113420,0,475364,529408,0,340156,0,0,0,0,0,5692,0,0,297000,69136,1973984
2020-08-04,131460,113420,3540,562072,512146,0,365246,0,0,0,0,0,0,0,0,336600,64190,2088674
2020-08-05,142096,113420,25806,588808,456716,0,335948,0,0,0,0,0,0,0,0,394020,45254,2102068
2020-08-06,144442,113420,0,520472,547818,0,348716,0,0,0,0,0,0,0,0,425700,67222,2167790
2020-08-07,142542,113420,21216,579240,434714,0,378494,0,65760,0,0,0,140110,0,0,415800,45254,2336550
2020-08-08,142542,112860,11574,490406,454450,0,306188,0,0,0,0,0,206078,0,0,356400,43662,2124160
2020-08-09,140642,113420,18412,489790,455120,0,314380,0,0,0,0,0,0,0,0,356400,47154,1935318
2020-08-10,142542,113420,20176,489790,458282,0,330300,0,64460,0,0,0,0,0,0,356400,36720,2012090
2020-08-11,146342,113420,30360,431790,563008,0,369092,0,0,0,0,106476,0,0,0,297000,41454,2098942
2020-08-12,144442,113420,25600,512618,513330,0,372468,0,0,0,0,16230,0,0,0,396000,43352,2137460
2020-08-13,146342,113420,33444,541706,504756,0,431844,0,0,0,0,0,37288,0,0,396000,41454,2246254
2020-08-14,130988,113420,16000,580612,445884,0,368458,0,0,0,0,0,12600,0,0,386100,61778,2115840
2020-08-15,142046,113420,25272,546174,522740,0,381990,0,0,0,0,0,0,0,0,297000,45748,2074390
2020-08-16,141908,113420,25170,479118,525332,0,365442,0,0,0,0,0,0,0,0,297000,45888,1993278
2020-08-17,141150,113420,18656,603088,513942,0,377878,0,0,0,0,0,0,0,0,297000,49728,2114862
2020-08-18,146298,113420,33444,522318,423544,0,401286,0,0,0,0,0,0,0,0,419760,51338,2111408
2020-08-19,142542,113420,26290,603156,591464,0,380846,0,11052,0,0,0,30000,0,0,247500,45254,2191524
2020-08-20,146342,113420,33444,559102,602600,0,388642,0,0,0,0,69754,100078,0,0,243540,41454,2298376
2020-08-21,144442,147968,28900,578814,468926,0,373972,0,90520,0,0,245170,20000,0,0,396000,43128,2537840
2020-08-22,141274,113420,29016,567344,456734,0,366524,0,59850,0,0,0,60000,0,0,366300,46522,2206984
2020-08-23,141274,113420,29016,567344,456734,0,366488,0,59850,0,0,0,0,0,0,366300,46522,2146948
2020-08-24,141274,113420,29016,670344,456734,0,386268,0,59850,0,0,61850,60046,0,0,366300,46522,2391624
2020-08-25,140642,156356,29016,728890,494834,0,388642,0,15562,0,0,0,49134,0,0,435600,46522,2485198
2020-08-26,140642,156360,29664,709970,495766,0,397446,0,0,0,0,0,0,0,0,435600,47154,2412602
2020-08-27,140642,156356,29664,693944,494942,0,398122,0,0,0,0,110230,56000,0,0,429462,47154,2556516
2020-08-28,140642,113420,29664,691986,515990,0,359122,0,0,0,0,0,18970,0,0,425502,47154,2342450
2020-08-29,136840,113420,20742,674328,510702,0,261618,0,0,0,0,68242,0,0,0,423720,50956,2260568
2020-08-30,136840,113420,20910,649484,443546,0,261624,0,0,0,0,68242,0,0,0,423720,50956,2168742
2020-08-31,136840,113420,20742,712928,416102,0,261702,0,0,0,0,68242,0,0,0,423720,50956,2204652
2020-09-01,0,0,0,0,0,0,0,0,0,0,0,0,0,0,0,0,0,0
2020-09-02,0,0,0,0,0,0,0,0,100000,0,0,305212,0,0,0,0,0,405212
2020-09-03,0,0,0,0,0,0,0,0,0,0,0,286140,77414,0,0,0,0,363554
2020-09-04,0,0,0,0,0,0,0,0,0,0,0,275344,0,0,0,0,0,275344
2020-09-05,0,0,0,0,0,0,0,0,0,0,0,13846,0,0,0,0,0,13846
2020-09-06,0,0,0,0,0,0,0,0,0,0,0,13846,0,0,0,0,0,13846
2020-09-07,0,0,0,0,0,0,0,0,0,0,0,13846,0,0,0,0,0,13846
2020-09-08,0,0,0,0,0,0,0,0,0,0,0,54298,0,0,0,0,0,54298
2020-09-09,0,0,0,0,0,0,0,0,0,0,0,25714,0,0,0,0,0,25714
2020-09-10,0,0,0,0,0,0,20000,0,0,0,0,0,0,0,0,0,0,20000
2020-09-11,0,0,0,0,0,0,0,0,0,0,0,0,0,0,0,0,0,0
2020-09-12,0,0,0,0,0,0,0,0,0,0,0,0,0,0,0,0,0,0
2020-09-13,0,0,0,0,0,0,0,0,0,0,0,0,0,0,0,0,0,0
2020-09-14,0,0,0,12000,0,0,0,0,0,0,0,0,30344,0,0,0,0,42344
2020-09-15,0,0,0,0,0,0,0,0,0,0,0,0,0,0,0,0,0,0
2020-09-16,0,0,0,0,0,0,0,0,0,0,0,0,0,0,0,0,0,0
2020-09-17,0,0,0,48000,68000,0,0,0,0,0,0,52546,23448,0,0,0,0,191994
2020-09-18,0,0,0,30000,20000,0,20000,0,0,0,0,0,13276,0,0,0,0,83276
2020-09-19,0,0,0,42000,0,0,0,0,0,0,0,0,0,0,0,0,0,42000
2020-09-20,0,0,0,0,0,0,0,0,0,0,0,0,0,0,0,0,0,0
2020-09-21,0,0,0,49600,72000,0,0,0,0,0,0,0,55974,0,0,0,0,177574
2020-09-22,0,0,0,44000,0,0,0,0,0,0,0,30660,24132,0,0,0,0,98792
2020-09-23,0,0,0,0,0,0,0,0,58654,0,0,0,0,0,0,0,0,58654
2020-09-24,0,0,0,0,0,0,0,0,59814,0,0,0,0,0,0,0,0,59814
2020-09-25,0,0,0,0,0,0,0,0,0,0,0,0,0,0,0,0,0,0
2020-09-26,0,0,0,0,0,0,0,0,0,0,0,0,0,0,0,0,0,0
2020-09-27,0,0,0,0,0,0,0,0,0,0,0,0,0,0,0,0,0,0
2020-09-28,0,0,0,130000,45000,0,0,0,0,0,0,0,0,0,0,0,0,175000
2020-09-29,0,0,0,70000,0,0,0,0,0,0,0,78636,0,0,0,0,0,148636
2020-09-30,0,0,0,0,0,0,20000,0,0,0,0,47472,0,0,0,0,0,67472
2020-10-01,0,0,0,100000,75200,0,0,0,0,0,0,0,0,0,0,0,0,175200
2020-10-02,0,0,0,27400,0,0,0,0,0,0,0,0,0,0,0,0,0,27400
2020-10-03,0,0,0,60000,0,0,57000,0,0,0,0,0,0,0,0,0,0,117000
2020-10-04,0,0,0,20000,0,0,70000,0,0,0,0,0,0,0,0,0,0,90000
2020-10-05,0,0,0,308000,116200,0,90000,0,0,0,0,0,0,0,0,0,0,514200
2020-10-06,0,0,0,22400,20000,0,24000,0,0,0,0,0,0,0,0,0,0,66400
2020-10-07,0,0,0,0,0,0,0,0,0,0,0,0,0,0,0,0,0,0
2020-10-08,0,0,0,10000,0,0,0,0,0,0,0,73906,0,0,0,0,0,83906
2020-10-09,0,0,0,25000,0,0,0,0,0,0,0,224572,0,0,0,0,0,249572
2020-10-10,0,0,0,29800,71200,0,0,0,0,0,0,0,35840,0,0,0,0,136840
2020-10-11,0,0,0,132000,14000,0,0,0,0,0,0,0,0,0,0,0,0,146000
2020-10-12,0,0,0,218680,20000,0,0,0,0,0,0,0,0,0,0,0,0,238680
2020-10-13,0,0,0,0,0,0,0,0,0,0,0,0,0,0,0,0,0,0
2020-10-14,0,0,0,20000,0,0,0,0,0,0,0,0,0,0,0,0,0,20000
2020-10-15,0,0,0,0,0,0,40000,0,0,0,0,0,0,0,0,0,0,40000
2020-10-16,0,0,0,0,45000,0,0,0,0,0,0,0,0,0,0,0,0,45000
2020-10-17,0,0,0,27200,70000,0,0,0,0,0,0,0,0,0,0,0,0,97200
2020-10-18,0,0,0,0,35400,0,0,0,0,0,0,0,0,0,0,0,0,35400
2020-10-19,0,0,0,88994,96000,0,0,0,0,0,0,0,0,0,0,0,0,184994
2020-10-20,0,0,0,0,0,0,0,0,0,0,0,0,0,0,0,0,0,0
2020-10-21,0,0,0,0,20000,0,0,0,0,0,0,0,37912,0,0,0,0,57912
2020-10-22,0,0,0,0,0,0,14000,0,0,0,0,8920,72040,0,0,0,0,94960
2020-10-23,0,0,0,40000,0,0,0,0,0,0,0,0,45828,0,0,0,0,85828
2020-10-24,0,0,0,68000,30000,0,0,0,0,0,0,0,0,0,0,0,0,98000
2020-10-25,0,0,0,0,0,0,0,0,0,0,0,0,0,0,0,0,0,0
2020-10-26,0,0,0,0,0,0,0,0,0,0,0,0,0,0,0,0,0,0
2020-10-27,0,0,0,140000,0,0,0,0,0,0,0,0,60000,0,0,0,0,200000
2020-10-28,0,0,0,50000,0,0,0,0,0,0,0,47754,0,0,0,0,0,97754
2020-10-29,0,0,0,0,0,0,0,0,0,0,0,50606,0,0,0,0,0,50606
2020-10-30,0,0,0,0,0,0,0,0,0,0,0,0,0,0,0,0,0,0
2020-10-31,0,0,0,0,0,0,0,0,0,0,0,0,0,0,0,0,0,0
2020-11-01,0,0,0,0,0,0,0,0,0,0,0,0,0,0,0,0,0,0
2020-11-02,0,0,0,0,0,0,0,0,0,0,0,0,0,0,0,0,0,0
2020-11-03,0,0,0,0,0,0,0,0,0,0,0,89358,0,0,0,0,0,89358
2020-11-04,0,0,0,0,0,0,26000,0,0,0,0,0,0,0,0,0,0,26000
2020-11-05,0,0,0,0,0,0,0,0,0,0,0,0,28434,0,0,0,0,28434
2020-11-06,0,0,0,0,88000,0,0,0,0,0,0,0,0,0,0,0,0,88000
2020-11-07,0,0,0,88000,0,0,78000,0,0,0,0,100000,18956,0,0,0,0,284956
2020-11-08,0,0,0,0,0,0,26000,0,0,0,0,0,0,0,0,0,0,26000
2020-11-09,0,0,0,140000,60010,0,0,0,20000,0,0,223088,72034,0,0,0,0,515132
2020-11-10,0,0,0,12000,0,0,0,0,91640,0,0,111226,40244,0,0,0,0,255110
2020-11-11,0,0,0,32000,0,0,0,0,50000,0,0,90000,0,0,0,0,0,172000
2020-11-12,0,0,0,20000,0,0,0,0,0,0,0,154262,0,0,0,0,0,174262
2020-11-13,0,0,0,0,0,0,0,0,0,0,0,89012,0,0,0,0,0,89012
2020-11-14,0,0,0,0,0,0,0,0,0,0,0,0,0,0,0,0,0,0
2020-11-15,0,0,0,0,0,0,0,0,0,0,0,0,0,0,0,0,0,0
2020-11-16,0,0,0,0,0,0,0,0,0,0,0,0,0,0,0,0,0,0
2020-11-17,0,0,0,0,0,0,0,0,0,0,0,42868,0,0,0,0,0,42868
2020-11-18,0,0,0,0,0,0,0,0,0,0,0,0,0,0,0,0,0,0
2020-11-19,0,0,0,0,0,0,0,0,0,0,0,20984,0,0,0,0,0,20984
2020-11-20,0,0,0,0,20000,0,0,0,0,0,0,0,0,0,0,0,0,20000
2020-11-21,0,0,0,0,0,0,22000,0,0,0,0,0,0,0,0,0,0,22000
2020-11-22,0,0,0,0,0,0,26000,0,0,0,0,0,0,0,0,0,0,26000
2020-11-23,6000,0,0,0,0,0,33000,0,0,0,0,0,0,0,0,0,0,39000
2020-11-24,0,0,0,0,0,0,0,0,0,0,0,0,0,0,0,0,0,0
2020-11-25,0,0,0,0,0,0,0,0,0,0,0,43472,123216,0,0,0,0,166688
2020-11-26,0,0,0,0,0,0,0,0,29510,0,0,0,0,0,0,0,0,29510
2020-11-27,0,0,0,0,0,0,84000,0,0,0,0,0,0,0,0,0,0,84000
2020-11-28,0,0,0,0,0,0,60000,0,0,0,0,0,0,0,0,0,0,60000
2020-11-29,0,0,0,0,0,0,19000,0,0,0,0,0,0,0,0,0,0,19000
2020-11-30,0,0,0,0,0,0,0,0,0,0,0,206196,0,0,0,0,10000,216196
2020-12-01,0,0,0,0,0,0,0,0,11374,0,0,164514,0,0,0,0,0,175888
2020-12-02,0,0,0,0,0,0,0,0,64754,0,0,43324,0,0,0,0,0,108078
2020-12-03,0,0,0,0,0,0,0,0,48974,0,0,70968,0,0,0,0,0,119942
2020-12-04,0,0,0,0,0,0,0,0,0,0,0,0,0,0,0,0,0,0
2020-12-05,0,0,0,100000,160000,0,0,0,0,0,0,0,0,0,0,0,0,260000
2020-12-06,0,0,0,22000,0,0,0,0,0,0,0,0,0,0,0,0,0,22000
2020-12-07,0,0,0,96000,50000,0,0,0,0,0,0,0,132694,0,0,0,0,278694
2020-12-08,0,0,0,60000,210000,0,10000,0,0,0,0,118658,49286,0,0,0,0,447944
2020-12-09,0,0,0,0,0,0,0,0,0,0,0,24260,0,0,0,0,0,24260
2020-12-10,0,0,0,0,60000,0,0,0,0,0,0,53840,0,0,0,0,0,113840
2020-12-11,0,0,0,0,0,0,0,0,0,0,0,0,0,0,0,0,0,0
2020-12-12,0,0,0,80000,28000,0,0,0,0,0,0,0,0,0,0,0,0,108000
2020-12-13,0,0,0,0,0,0,0,0,0,0,0,0,0,0,0,0,0,0
2020-12-14,0,0,0,280000,0,0,10000,0,0,0,0,0,0,0,0,0,0,290000
2020-12-15,0,0,0,113148,0,0,0,0,0,0,0,35604,0,0,0,0,0,148752
2020-12-16,0,0,0,0,0,0,0,0,0,0,0,0,0,0,0,0,0,0
2020-12-17,0,0,0,0,20000,0,0,0,0,0,0,11868,0,0,0,0,0,31868
2020-12-18,0,0,0,0,0,0,0,0,0,0,0,0,0,0,0,0,0,0
2020-12-19,0,0,0,54000,10000,0,0,0,0,0,0,0,0,0,0,0,0,64000
2020-12-20,0,0,0,0,0,0,0,0,0,0,0,0,0,0,0,0,0,0
2020-12-21,16000,0,0,115000,40000,0,18000,0,0,0,0,0,0,0,0,0,0,189000
2020-12-22,16000,0,0,30000,16000,0,0,0,0,0,0,0,0,0,0,0,0,62000
2020-12-23,16000,0,0,48000,50000,0,0,0,0,0,0,0,0,0,0,0,0,114000
2020-12-24,0,0,0,0,0,0,18000,0,0,0,0,0,0,0,0,0,0,18000
2020-12-25,0,0,0,0,0,0,0,0,0,0,0,0,0,0,0,0,0,0
2020-12-26,0,0,0,0,22000,0,0,0,0,0,0,0,0,0,0,0,0,22000
2020-12-27,0,0,0,24000,60000,0,0,0,0,0,0,0,0,0,0,0,0,84000
2020-12-28,26000,0,0,0,60000,0,0,0,0,0,0,0,0,0,0,0,0,86000
2020-12-29,0,0,0,0,0,0,0,0,8278,0,0,800000,92160,0,0,0,0,900438
2020-12-30,0,0,0,0,0,0,0,0,0,0,0,67272,0,0,0,0,0,67272
2020-12-31,0,0,0,0,0,0,0,0,0,0,0,0,0,0,0,0,0,0
